case_id,fg_mode,vf0,load_case,input_file,w_center_mm,theta_mean_K,theta_min_K,theta_max_K,theta_span_K,magnetoelectric_efficiency,load_scale,volt,magnetic,status,message,output_mat
CFCF_U_Vf10_elastic,U,0.1,elastic,cases/cfcf/Thermal_CFCF_U_Vf0.1-30x30-10layer.txt,-0.073973346256371,7.28583859910259e-18,-0.0198601530134988,0.0198601530134988,0.0397203060269976,,-15000,0,0,ok,,G:\fg-meet-workbench\output\static_elastic_CFCF_U_Vf10_elastic.mat
CFCF_U_Vf10_electro,U,0.1,electro,cases/cfcf/Thermal_CFCF_U_Vf0.1-30x30-10layer.txt,0.0009976497646953,3.1225022567582498e-18,-0.01005046642943,0.0100504664294301,0.0201009328588601,,0,300,0,ok,,G:\fg-meet-workbench\output\static_electro_CFCF_U_Vf10_electro.mat
CFCF_U_Vf10_magneto,U,0.1,magneto,cases/cfcf/Thermal_CFCF_U_Vf0.1-30x30-10layer.txt,-0.127453527246681,-4.66293670342566e-16,-1.28398506393395,1.28398506393395,2.5679701278679,1.71778651079323,0,0,200,ok,,G:\fg-meet-workbench\output\static_magneto_CFCF_U_Vf10_magneto.mat
CFCF_U_Vf30_elastic,U,0.3,elastic,cases/cfcf/Thermal_CFCF_U_Vf0.3-30x30-10layer.txt,-0.08683280158189,1.76941794549634e-17,-0.0177972513388568,0.0177972513388568,0.0355945026777136,,-15000,0,0,ok,,G:\fg-meet-workbench\output\static_elastic_CFCF_U_Vf30_elastic.mat
CFCF_U_Vf30_electro,U,0.3,electro,cases/cfcf/Thermal_CFCF_U_Vf0.3-30x30-10layer.txt,0.0027788891694046,1.21430643318376e-17,-0.0228466501692004,0.0228466501692004,0.0456933003384008,,0,300,0,ok,,G:\fg-meet-workbench\output\static_electro_CFCF_U_Vf30_electro.mat
CFCF_U_Vf30_magneto,U,0.3,magneto,cases/cfcf/Thermal_CFCF_U_Vf0.3-30x30-10layer.txt,-0.0881224615093498,-4.10782519111308e-16,-0.724499225200604,0.724499225200604,1.44899845040121,1.10726991292069,0,0,200,ok,,G:\fg-meet-workbench\output\static_magneto_CFCF_U_Vf30_magneto.mat
CFCF_U_Vf50_elastic,U,0.5,elastic,cases/cfcf/Thermal_CFCF_U_Vf0.5-30x30-10layer.txt,-0.104555240839747,4.8572257327350596e-18,-0.0177903013061647,0.0177903013061647,0.0355806026123294,,-15000,0,0,ok,,G:\fg-meet-workbench\output\static_elastic_CFCF_U_Vf50_elastic.mat
CFCF_U_Vf50_electro,U,0.5,electro,cases/cfcf/Thermal_CFCF_U_Vf0.5-30x30-10layer.txt,0.0041426468076899,-4.16333634234434e-18,-0.030819151240908,0.030819151240908,0.061638302481816,,0,300,0,ok,,G:\fg-meet-workbench\output\static_electro_CFCF_U_Vf50_electro.mat
CFCF_U_Vf50_magneto,U,0.5,magneto,cases/cfcf/Thermal_CFCF_U_Vf0.5-30x30-10layer.txt,-0.0415204367762844,7.21644966006352e-17,-0.308890590967165,0.308890590967166,0.617781181934331,0.489635306959676,0,0,200,ok,,G:\fg-meet-workbench\output\static_magneto_CFCF_U_Vf50_magneto.mat
CFCF_U_Vf70_elastic,U,0.7,elastic,cases/cfcf/Thermal_CFCF_U_Vf0.7-30x30-10layer.txt,-0.131219686054836,-1.42247325030098e-17,-0.0192898065454294,0.0192898065454294,0.0385796130908588,,-15000,0,0,ok,,G:\fg-meet-workbench\output\static_elastic_CFCF_U_Vf70_elastic.mat
CFCF_U_Vf70_electro,U,0.7,electro,cases/cfcf/Thermal_CFCF_U_Vf0.7-30x30-10layer.txt,0.0049034768923222,-2.63677968348475e-17,-0.0357876596108349,0.0357876596108349,0.0715753192216698,,0,300,0,ok,,G:\fg-meet-workbench\output\static_electro_CFCF_U_Vf70_electro.mat
CFCF_U_Vf70_magneto,U,0.7,magneto,cases/cfcf/Thermal_CFCF_U_Vf0.7-30x30-10layer.txt,0.0125179769207018,-6.938893903907231e-17,-0.0913615189573604,0.0913615189573603,0.182723037914721,0.141175600549814,0,0,200,ok,,G:\fg-meet-workbench\output\static_magneto_CFCF_U_Vf70_magneto.mat
CFCF_U_Vf90_elastic,U,0.9,elastic,cases/cfcf/Thermal_CFCF_U_Vf0.9-30x30-10layer.txt,-0.176420090478279,9.714451465470119e-18,-0.0226908270618577,0.0226908270618577,0.0453816541237153,,-15000,0,0,ok,,G:\fg-meet-workbench\output\static_elastic_CFCF_U_Vf90_elastic.mat
CFCF_U_Vf90_electro,U,0.9,electro,cases/cfcf/Thermal_CFCF_U_Vf0.9-30x30-10layer.txt,0.0047850187960611,1.17961196366423e-17,-0.0377135759117246,0.0377135759117246,0.0754271518234492,,0,300,0,ok,,G:\fg-meet-workbench\output\static_electro_CFCF_U_Vf90_electro.mat
CFCF_U_Vf90_magneto,U,0.9,magneto,cases/cfcf/Thermal_CFCF_U_Vf0.9-30x30-10layer.txt,0.0722033119748113,1.66533453693773e-16,-0.569077197666017,0.569077197666018,1.13815439533203,0.804083377900966,0,0,200,ok,,G:\fg-meet-workbench\output\static_magneto_CFCF_U_Vf90_magneto.mat
CFCF_X_Vf10_elastic,X,0.1,elastic,cases/cfcf/Thermal_CFCF_X_Vf0.1-30x30-10layer.txt,-0.0725209833296959,6.2450045135165095e-18,-0.0198433275668526,0.0198433275668526,0.0396866551337051,,-15000,0,0,ok,,G:\fg-meet-workbench\output\static_elastic_CFCF_X_Vf10_elastic.mat
CFCF_X_Vf10_electro,X,0.1,electro,cases/cfcf/Thermal_CFCF_X_Vf0.1-30x30-10layer.txt,0.0008944781897044,3.46944695195361e-18,-0.0091078458359068,0.0091078458359068,0.0182156916718137,,0,300,0,ok,,G:\fg-meet-workbench\output\static_electro_CFCF_X_Vf10_electro.mat
CFCF_X_Vf10_magneto,X,0.1,magneto,cases/cfcf/Thermal_CFCF_X_Vf0.1-30x30-10layer.txt,-0.128355104228423,-5.10702591327572e-16,-1.30695025884357,1.30695025884357,2.61390051768714,1.2670404060019,0,0,200,ok,,G:\fg-meet-workbench\output\static_magneto_CFCF_X_Vf10_magneto.mat
CFCF_X_Vf30_elastic,X,0.3,elastic,cases/cfcf/Thermal_CFCF_X_Vf0.3-30x30-10layer.txt,-0.0813664395088809,-6.2450045135165095e-18,-0.017302654085522,0.017302654085522,0.0346053081710439,,-15000,0,0,ok,,G:\fg-meet-workbench\output\static_elastic_CFCF_X_Vf30_elastic.mat
CFCF_X_Vf30_electro,X,0.3,electro,cases/cfcf/Thermal_CFCF_X_Vf0.3-30x30-10layer.txt,0.002488963892635,-1.4571677198205202e-17,-0.0206534694236927,0.0206534694236926,0.0413069388473853,,0,300,0,ok,,G:\fg-meet-workbench\output\static_electro_CFCF_X_Vf30_electro.mat
CFCF_X_Vf30_magneto,X,0.3,magneto,cases/cfcf/Thermal_CFCF_X_Vf0.3-30x30-10layer.txt,-0.0927885445367283,5.662137425588301e-16,-0.769961096313596,0.769961096313597,1.53992219262719,0.867428965005952,0,0,200,ok,,G:\fg-meet-workbench\output\static_magneto_CFCF_X_Vf30_magneto.mat
CFCF_X_Vf50_elastic,X,0.5,elastic,cases/cfcf/Thermal_CFCF_X_Vf0.5-30x30-10layer.txt,-0.0922866707602358,-4.23920538784872e-07,-0.0164648160673999,0.0164641402168188,0.0329289562842187,,-15000,0,0,ok,,G:\fg-meet-workbench\output\static_elastic_CFCF_X_Vf50_elastic.mat
CFCF_X_Vf50_electro,X,0.5,electro,cases/cfcf/Thermal_CFCF_X_Vf0.5-30x30-10layer.txt,0.0037407692847161,-5.69542247884705e-07,-0.0274949009162888,0.0274939929030552,0.054988893819344,,0,300,0,ok,,G:\fg-meet-workbench\output\static_electro_CFCF_X_Vf50_electro.mat
CFCF_X_Vf50_magneto,X,0.5,magneto,cases/cfcf/Thermal_CFCF_X_Vf0.5-30x30-10layer.txt,-0.0523098286068664,7.96431298046851e-06,-0.38446799228002,0.384480689672724,0.768948681952743,0.454070474126983,0,0,200,ok,,G:\fg-meet-workbench\output\static_magneto_CFCF_X_Vf50_magneto.mat
CFCF_X_Vf70_elastic,X,0.7,elastic,cases/cfcf/Thermal_CFCF_X_Vf0.7-30x30-10layer.txt,-0.106486517409616,-1.49186218934005e-17,-0.0165983336255261,0.0165983336255261,0.0331966672510522,,-15000,0,0,ok,,G:\fg-meet-workbench\output\static_elastic_CFCF_X_Vf70_elastic.mat
CFCF_X_Vf70_electro,X,0.7,electro,cases/cfcf/Thermal_CFCF_X_Vf0.7-30x30-10layer.txt,0.0045465674061257,-4.16333634234434e-18,-0.0312865121675622,0.0312865121675622,0.0625730243351245,,0,300,0,ok,,G:\fg-meet-workbench\output\static_electro_CFCF_X_Vf70_electro.mat
CFCF_X_Vf70_magneto,X,0.7,magneto,cases/cfcf/Thermal_CFCF_X_Vf0.7-30x30-10layer.txt,-0.0069526745519401,4.8572257327350596e-18,-0.0478437725729686,0.0478437725729686,0.0956875451459372,0.0541422822904158,0,0,200,ok,,G:\fg-meet-workbench\output\static_magneto_CFCF_X_Vf70_magneto.mat
CFCF_X_Vf90_elastic,X,0.9,elastic,cases/cfcf/Thermal_CFCF_X_Vf0.9-30x30-10layer.txt,-0.125786681194819,-9.21691877322356e-07,-0.0175066267523452,0.0175052481524803,0.0350118749048255,,-15000,0,0,ok,,G:\fg-meet-workbench\output\static_elastic_CFCF_X_Vf90_elastic.mat
CFCF_X_Vf90_electro,X,0.9,electro,cases/cfcf/Thermal_CFCF_X_Vf0.9-30x30-10layer.txt,0.0047917982018015,-1.33384722026467e-06,-0.0323143053218729,0.0323123102499374,0.0646266155718103,,0,300,0,ok,,G:\fg-meet-workbench\output\static_electro_CFCF_X_Vf90_electro.mat
CFCF_X_Vf90_magneto,X,0.9,magneto,cases/cfcf/Thermal_CFCF_X_Vf0.9-30x30-10layer.txt,0.043394899824121,-1.20794248977985e-05,-0.292640879951988,0.29262281242428,0.585263692376268,0.320154831335512,0,0,200,ok,,G:\fg-meet-workbench\output\static_magneto_CFCF_X_Vf90_magneto.mat
