time_s,w_center_mm,theta_span_K
0,0,0
0.0001,-0.00141302718595249,0.000119494643010145
0.0002,-0.00714848901595661,0.000596645493529424
0.0003,-0.0190362605236789,0.00163628406289332
0.0004,-0.0376647111220107,0.00355569982797303
0.0005,-0.0625972166119311,0.00600385636202609
0.0006,-0.0919915533928746,0.00514482099981508
0.0007,-0.124425094972578,0.00579102349111962
0.0008,-0.159640256068218,0.0257660301032499
0.0009,-0.197540503779232,0.039933098589654
0.001,-0.238107934560057,0.0372125784895624
0.0011,-0.280751881363193,0.0216805771223123
0.0012,-0.323748734323843,0.00480353889703821
0.0013,-0.365793841363228,0.0458289868454906
0.0014,-0.406980493938409,0.0987259851288617
0.0015,-0.447979303845433,0.162370981415843
0.0016,-0.489030901187168,0.236417194941336
0.0017,-0.530003738915177,0.315264969924352
0.0018,-0.570468291959566,0.395503628143802
0.0019,-0.61015619748289,0.473243581642674
0.002,-0.65021176863877,0.549611945426551
0.0021,-0.692352424224893,0.635630555628531
0.0022,-0.737437142191834,0.736414587052716
0.0023,-0.785647459724763,0.845278436959999
0.0024,-0.83670401859764,0.951632371628613
0.0025,-0.890331722912119,1.05461666536676
0.0026,-0.947349078271819,1.15782297810853
0.0027,-1.00919488225645,1.25616414666488
0.0028,-1.07618685662894,1.34602019236611
0.0029,-1.14746260793626,1.42833045208432
0.003,-1.22240840248416,1.50266790341657
0.0031,-1.30091968403325,1.5698375340445
0.0032,-1.38316052080608,1.63820830555605
0.0033,-1.46971625326836,1.71649828365346
0.0034,-1.56025465573052,1.80591022782985
0.0035,-1.65319443748107,1.90281844905566
0.0036,-1.74719885226316,1.99761032968459
0.0037,-1.84155294092609,2.08887476475702
0.0038,-1.93602736706722,2.18527200824011
0.0039,-2.03069570440624,2.2854672841991
0.004,-2.12529485760842,2.38278987970354
0.0041,-2.21873704690269,2.48004789229283
0.0042,-2.31001092556869,2.58188702850184
0.0043,-2.3994759554633,2.68927382857299
0.0044,-2.48784625084815,2.80530906964112
0.0045,-2.57517929818626,2.93278349521284
0.0046,-2.66145469709382,3.06972913468804
0.0047,-2.74628004137819,3.20560389390667
0.0048,-2.82894108799478,3.33209335611491
0.0049,-2.90961199951686,3.45067273241668
0.005,-2.98916216932961,3.56515946249186
0.0051,-3.068133965443,3.67833670522615
0.0052,-3.14668797853654,3.78695809166727
0.0053,-3.22467200460957,3.8884584606037
0.0054,-3.30177517772832,3.99166283941348
0.0055,-3.3783957604463,4.10206138153235
0.0056,-3.45573539293116,4.21525939599205
0.0057,-3.53412378781539,4.33104823284168
0.0058,-3.61284045716649,4.4478259385903
0.0059,-3.69141354787891,4.55641128990113
0.006,-3.76958773378892,4.65180491864464
0.0061,-3.84741810389478,4.73999949480917
0.0062,-3.92533863728011,4.82740760035077
0.0063,-4.00352989112729,4.91543316456882
0.0064,-4.08147046532629,5.00239082061017
0.0065,-4.15847527420386,5.08620204948271
0.0066,-4.23440461838677,5.17310879886826
0.0067,-4.30921146553981,5.26747093904675
0.0068,-4.38295199136944,5.36257186484815
0.00690000000000001,-4.45556725723399,5.45089139904626
0.00700000000000001,-4.52600503260026,5.52910911301026
0.00710000000000001,-4.59332279203448,5.59688645089443
0.00720000000000001,-4.65766284676526,5.65227779243912
0.00730000000000001,-4.71894038032393,5.69820155722133
0.00740000000000001,-4.77666337540245,5.74614775489958
0.00750000000000001,-4.83067466910498,5.79673433289598
0.00760000000000001,-4.88070671677374,5.84502783537387
0.00770000000000001,-4.9262525914566,5.89436573756071
0.00780000000000001,-4.96707937491449,5.94822527211016
0.00790000000000001,-5.00334483154557,6.00658880307548
0.00800000000000001,-5.03509531222988,6.06516339266159
0.00810000000000001,-5.06235710302138,6.11517711288142
0.00820000000000001,-5.08532318735629,6.15480780413851
0.00830000000000001,-5.10396501782593,6.19061067653974
0.0084,-5.1186254130085,6.22397997180828
0.0085,-5.13025764384883,6.25588754058873
0.0086,-5.13942879253257,6.29268037142353
0.0087,-5.14625773389989,6.33550447515732
0.0088,-5.15115173028559,6.37773704174272
0.0089,-5.15462446758854,6.41535053276425
0.009,-5.15678223792515,6.45089267733833
0.0091,-5.15794611240763,6.48266659435556
0.0092,-5.15859698456997,6.50164239726304
0.0093,-5.15867405147421,6.50127609770454
0.0094,-5.15818026262567,6.48405136283878
0.0095,-5.15724554669182,6.45724470953744
0.0096,-5.15565975732217,6.42534187789835
0.0097,-5.15327125903723,6.39048418945773
0.0098,-5.14967920352939,6.35170901021616
0.0099,-5.14391087371627,6.31098766569443
0.01,-5.13531927783961,6.26823351334209
0.0101,-5.12351505266229,6.21698740229317
0.0102,-5.1077845818503,6.16114715085479
0.0103,-5.08711180533767,6.1044592162421
0.0104,-5.06080845126904,6.03957528550406
0.0105,-5.02889595577858,5.96546425451048
0.0106,-4.9913895450019,5.89076086889236
0.0107,-4.94838361562029,5.82498734671644
0.0108,-4.90003277221605,5.77187305966208
0.0109,-4.84616698775443,5.72717635453482
0.011,-4.78695147655986,5.68714807552779
0.0111,-4.7230899723833,5.65075271066906
0.0112,-4.65523396725452,5.61556330742553
0.0113,-4.58397221078588,5.5771919868418
0.0114,-4.5099769731045,5.53182447819312
0.0115,-4.43369871284721,5.47970822174718
0.0116,-4.35576638978825,5.41937031908711
0.0117,-4.27752498916418,5.34794892754034
0.0118,-4.2002543314129,5.27019124930899
0.0119,-4.1244429327813,5.19585437928758
0.012,-4.05022527055933,5.12355706547115
0.0121,-3.97763770993373,5.04187010853471
0.0122,-3.90660867774644,4.94828445451543
0.0123,-3.83721759432101,4.84394599382197
0.0124,-3.76945770306166,4.72840887979651
0.0125,-3.70285437051411,4.60276352769245
0.0126,-3.63638626318235,4.46657605672548
0.0127,-3.56913030114683,4.32268301319206
0.0128,-3.50073042915681,4.177855259449
0.0129,-3.43094357246378,4.03488112140593
0.013,-3.35975394681466,3.89845694625725
0.0131,-3.28671251676836,3.77711347027805
0.0132,-3.21050358101318,3.66809021263635
0.0133,-3.13036881087323,3.56104264430768
0.0134,-3.04634400989903,3.45064681784065
0.0135,-2.95876290778823,3.34110087198269
0.0136,-2.86815238357014,3.23777539345105
0.0137,-2.7746018751442,3.13648728584115
0.0138,-2.67779816360323,3.03574264475032
0.0139,-2.57801822470993,2.9390139453704
0.014,-2.47643408985585,2.84739663677652
0.0141,-2.3745133829226,2.7633149136938
0.0142,-2.27333107628993,2.6868637820393
0.0143,-2.17331270486824,2.6144640165054
0.0144,-2.07446720165434,2.54071912569074
0.0145,-1.9770375892934,2.45606044162894
0.0146,-1.88212804500697,2.35425659651743
0.0147,-1.79097582677813,2.2422756616616
0.0148,-1.70404450037449,2.13004791381128
0.0149,-1.62107769460419,2.01398529107114
0.015,-1.54156853674769,1.89126662724084
0.0151,-1.46522585012628,1.76870060311356
0.0152,-1.3923534680696,1.6512162551863
0.0153,-1.32364977030077,1.54148574756751
0.0154,-1.25874612516414,1.43782631947073
0.0155,-1.19622785374966,1.33641983007334
0.0156,-1.1350898975883,1.2338553416366
0.0157,-1.07487468154266,1.12554612475565
0.0158,-1.01580177216218,1.01313668014204
0.0159,-0.958447500444017,0.905660467199229
0.016,-0.902488779738102,0.810381056796426
0.0161,-0.846923174355885,0.727495448371485
0.0162,-0.790960404716157,0.650479572773335
0.0163,-0.734554121185167,0.579771738656236
0.0164,-0.678536468883966,0.523933558482009
0.0165,-0.623694176642684,0.479894080725774
0.0166,-0.569935144686777,0.438204506350886
0.0167,-0.516522270124113,0.395051651482703
0.0168,-0.463088891344291,0.346986656617
0.0169,-0.410531134011345,0.292210064641095
0.017,-0.360290987454988,0.235972936441775
0.0171,-0.313304194582576,0.185103328338986
0.0172,-0.269748537729866,0.144201894981502
0.0173,-0.229128800777311,0.111988066059937
0.0174,-0.191250833856553,0.0809723781493424
0.0174999999999999,-0.156709678478537,0.0504863545055784
0.0175999999999999,-0.126422235595936,0.0275024265712091
0.0176999999999999,-0.100923671979176,0.0117577791184393
0.0177999999999999,-0.0799612002788019,0.00642191572001505
0.0178999999999999,-0.0626958936471944,0.0316767478700499
0.0179999999999999,-0.0486201612958036,0.0604056205364429
0.0180999999999999,-0.0385944593791478,0.0873708852746932
0.0181999999999999,-0.0338319579017916,0.107952361018749
0.0182999999999999,-0.0345637867912138,0.117288538468501
0.0183999999999999,-0.0401078968212708,0.111926788794796
0.0184999999999999,-0.0493402103624045,0.0991064886713424
0.0185999999999999,-0.061702392964608,0.0863925387287317
0.0186999999999999,-0.0775987157545935,0.0722166120289498
0.0187999999999999,-0.0974403525466306,0.0551047569614985
0.0188999999999999,-0.121064748116295,0.0336933399066827
0.0189999999999999,-0.147532214631028,0.0151846520613087
0.0190999999999999,-0.175522162727724,0.00679027022242827
0.0191999999999999,-0.204709038577144,0.000490753635285666
0.0192999999999999,-0.235832683039797,0.0168113849619449
0.0193999999999999,-0.269724548316966,0.0437488289861415
0.0194999999999999,-0.306263506210097,0.0813431609128097
0.0195999999999999,-0.344114009654312,0.128995735149683
0.0196999999999999,-0.382183123070354,0.180886177140034
0.0197999999999999,-0.420521634057701,0.231719419728743
0.0198999999999999,-0.459851355886273,0.282544983762501
0.0199999999999999,-0.500689647416279,0.33824110598566
0.0200999999999999,-0.542790236575717,0.399881916781548
0.0201999999999999,-0.585586786491038,0.462346064127754
0.0202999999999999,-0.628903995375853,0.524018377076407
0.0203999999999999,-0.67328319871049,0.593079759337844
0.0204999999999999,-0.719901674878069,0.678413419533526
0.0205999999999999,-0.76993824674788,0.779914573512503
0.0206999999999999,-0.823629348914836,0.889462237852789
0.0207999999999999,-0.880286770250344,1.00020975619594
0.0208999999999999,-0.939632714472522,1.11019494274023
0.0209999999999999,-1.00235729948517,1.21407844092326
0.0210999999999999,-1.06944290692478,1.30957731541486
0.0211999999999999,-1.14144164882788,1.40364585261858
0.0212999999999999,-1.21798250632385,1.49717426578602
0.0213999999999999,-1.2981768474877,1.58441196884745
0.0214999999999999,-1.38157488081776,1.66703904482078
0.0215999999999999,-1.46824811280754,1.75136570094132
0.0216999999999999,-1.55852645148762,1.84380423403587
0.0217999999999999,-1.65232067759404,1.94367388398524
0.0218999999999999,-1.74846700938965,2.03969544822434
0.0219999999999999,-1.84538431331661,2.12648386617287
0.0220999999999999,-1.94181205386634,2.20704282572975
0.0221999999999999,-2.03754243557078,2.28373932926051
0.0222999999999999,-2.13302395200117,2.35948379032721
0.0223999999999999,-2.22781505408065,2.43910021526026
0.0224999999999999,-2.32060529972238,2.52768612870439
0.0225999999999999,-2.41028242775447,2.62468519243045
0.0226999999999999,-2.49660985818464,2.72823654641872
0.0227999999999999,-2.58014269600976,2.8451997503328
0.0228999999999999,-2.66144984661304,2.97974152912383
0.0229999999999999,-2.74058879329442,3.12330026733143
0.0230999999999999,-2.81730850604459,3.2642122820244
0.0231999999999999,-2.89155606776146,3.39832799004016
0.0232999999999999,-2.96389470082685,3.52826899676457
0.0233999999999999,-3.03555183033612,3.65826170899068
0.0234999999999999,-3.10787099808243,3.78952797209442
0.0235999999999999,-3.18147523540749,3.91876051334234
0.0236999999999999,-3.25625306786641,4.04830590392603
0.0237999999999999,-3.33221760547785,4.17877035101478
0.0238999999999999,-3.40993438988956,4.30334461610922
0.0239999999999999,-3.49007105232565,4.42352995691417
0.0240999999999999,-3.57280561985834,4.54050298794154
0.0241999999999999,-3.65780194982178,4.64638100747515
0.0242999999999999,-3.74440508353306,4.73284984712073
0.0243999999999999,-3.83181347946204,4.80068998792238
0.0244999999999999,-3.91974712532578,4.85962606845299
0.0245999999999999,-4.00818885017135,4.91766824349575
0.0246999999999999,-4.09661273547505,4.97604710195507
0.0247999999999999,-4.18423731919389,5.03511844454072
0.0248999999999999,-4.26978480662641,5.09754727020233
0.0249999999999999,-4.35175566001472,5.16453613598147
0.0250999999999999,-4.42955415371227,5.23588966540521
0.0251999999999999,-4.50310453750123,5.30854469831769
0.0252999999999999,-4.5718662310619,5.38212326768215
0.0253999999999999,-4.63506190650714,5.45668220447149
0.0254999999999999,-4.69224140244768,5.52522271357842
0.0255999999999999,-4.74336523257969,5.58877117170267
0.0256999999999999,-4.78893236841957,5.65995424575805
0.0257999999999999,-4.82981754797878,5.74304777126586
0.0258999999999999,-4.86661523513016,5.83171789469585
0.0259999999999999,-4.8994579455833,5.92151363944841
0.0260999999999999,-4.9286508959792,6.01042193010962
0.0261999999999999,-4.95473506997025,6.09629210494386
0.0262999999999999,-4.97830600144589,6.17641754259708
0.0263999999999999,-5.00014580749685,6.24470786211382
0.0264999999999999,-5.02079343457432,6.29794431453343
0.0265999999999999,-5.04036590747076,6.33802896516768
0.0266999999999999,-5.05913385291154,6.36442024995294
0.0267999999999999,-5.07774955878267,6.37994196947311
0.0268999999999999,-5.09652592287622,6.39380410247076
0.0269999999999999,-5.115433067213,6.41029696529532
0.0270999999999999,-5.1344154962409,6.42399586444854
0.0271999999999999,-5.15292625212828,6.4269518149042
0.0272999999999999,-5.1702886695539,6.42155765178218
0.0273999999999999,-5.18613357326949,6.4129508443811
0.0274999999999999,-5.19983735053179,6.39654505137413
0.0275999999999999,-5.21063820184559,6.37073977636779
0.0276999999999999,-5.21810083340057,6.33833933616773
0.0277999999999999,-5.22176176981429,6.30261163011234
0.0278999999999999,-5.2211219006538,6.27007048923829
0.0279999999999999,-5.21602195316382,6.24405500636591
0.0280999999999999,-5.20636778434239,6.22543710567955
0.0281999999999999,-5.19180756573775,6.21534554007801
0.0282999999999999,-5.17215685234328,6.20769665397665
0.0283999999999999,-5.14758428815965,6.1915976714285
0.0284999999999999,-5.11810361047924,6.16777571765248
0.0285999999999999,-5.0836937884842,6.14196522446626
0.0286999999999999,-5.0447387578403,6.11006948678602
0.0287999999999999,-5.00148377672817,6.06747968542852
0.0288999999999999,-4.95409219518277,6.01709894934643
0.0289999999999999,-4.90333617440851,5.96586207713701
0.0290999999999999,-4.85001693077069,5.91741547848295
0.0291999999999999,-4.79432756428452,5.87073167117092
0.0292999999999999,-4.73639522303766,5.82435763796178
0.0293999999999999,-4.67655206180405,5.77477187768599
0.0294999999999999,-4.61502904208293,5.71618497045817
0.0295999999999999,-4.55233324146237,5.64524248564116
0.0296999999999999,-4.48900704792676,5.56306711131838
0.0297999999999999,-4.42496201570917,5.47546151375586
0.0298999999999999,-4.36001304287793,5.38627324861723
0.0299999999999999,-4.29432845381831,5.29108803783843
0.0300999999999999,-4.22809291005921,5.19063805141039
0.0301999999999999,-4.16152230213827,5.0975350272407
0.0302999999999999,-4.09486841025592,5.01377941444281
0.0303999999999999,-4.02784470417035,4.93199710493479
0.0304999999999999,-3.9597335982835,4.84882388708551
0.0305999999999999,-3.89022269700123,4.75934106803339
0.0306999999999999,-3.81961321653894,4.66055071820793
0.0307999999999999,-3.74813258702861,4.55256699056624
0.0308999999999999,-3.6756952293921,4.43824150863286
0.0309999999999999,-3.60201535117807,4.3225257580924
0.0310999999999999,-3.52647698241755,4.20760876256212
0.0311999999999999,-3.44886075663227,4.09104484186081
0.0312999999999999,-3.36963846467815,3.97325480066576
0.0313999999999999,-3.28890966129035,3.86181755413959
0.0314999999999999,-3.20630679844537,3.7598386630576
0.0315999999999999,-3.12151514881588,3.65849645008764
0.0316999999999999,-3.0339342069293,3.54796185600713
0.0317999999999999,-2.94322244075138,3.42972440449169
0.0318999999999999,-2.85031050005907,3.30894844744859
0.0319999999999999,-2.7562962398219,3.1862467200276
0.0320999999999999,-2.66119991126793,3.06587348193652
0.0321999999999999,-2.56474431686537,2.95412365862517
0.0322999999999999,-2.46710169506562,2.8489328571382
0.0323999999999999,-2.36885306764781,2.74894334547617
0.0324999999999999,-2.27108525697438,2.65578455608802
0.0325999999999999,-2.17480407103447,2.56934802491104
0.0326999999999999,-2.07998016392792,2.49017627493832
0.0327999999999999,-1.98622625327861,2.40958648778241
0.0328999999999999,-1.89384613273516,2.31591203357709
0.0329999999999999,-1.80360968317324,2.2120825865069
0.0330999999999999,-1.71647099685671,2.10776510883809
0.0331999999999999,-1.63346978649445,2.00490848603245
0.0332999999999999,-1.5548134366858,1.90214935615697
0.0333999999999999,-1.47954587708286,1.8012602535003
0.0334999999999999,-1.40732387382978,1.70230466211941
0.0335999999999999,-1.33874373919946,1.60185627109015
0.0336999999999999,-1.27395211254152,1.49805934396099
0.0337999999999999,-1.21256760775905,1.39446013951127
0.0338999999999999,-1.15365856562057,1.2898045853119
0.0339999999999999,-1.09578869430654,1.17700508489123
0.0340999999999999,-1.03820313598687,1.05482957138777
0.0342,-0.981160272984027,0.928959647649689
0.0343,-0.924860699690816,0.811933226167314
0.0344,-0.86915013951724,0.712193006515504
0.0345,-0.813513144082508,0.624903325820892
0.0346,-0.756914045673056,0.546028551959251
0.0347,-0.698746588897545,0.479179056843133
0.0348,-0.639831938498084,0.422595124041408
0.0349,-0.58140276783552,0.371141162376697
0.035,-0.523565696685593,0.32746275449789
0.0351,-0.465785232533426,0.290070682292875
0.0352,-0.408013054332476,0.251527494336587
0.0353,-0.35099754049268,0.211758332169359
0.0354,-0.296389820823319,0.177224572852625
0.0355,-0.246041093068322,0.156690101976333
0.0356,-0.200559794527154,0.150634859514802
0.0357,-0.159602039292211,0.148643828140441
0.0358,-0.123329018622256,0.142520114216224
0.0359,-0.0923493654474799,0.13092433742461
0.036,-0.0675201338424821,0.116134312434325
0.0361,-0.0499561510554854,0.0954364486094981
0.0362,-0.0394605414444442,0.0644658608423805
0.0363,-0.0344498101557901,0.026803504897103
0.0364,-0.0341138656307574,0.0150467237708942
0.0365,-0.0387860973222875,0.0615887510381262
0.0366,-0.048707760188325,0.102860289603489
0.0367,-0.0635065889889383,0.127726278697113
0.0368,-0.0820989809689751,0.140245625908168
0.0369,-0.10282619193092,0.149216558523045
0.037,-0.124406846436159,0.158009571460507
0.0371,-0.146686056625928,0.165506274766339
0.0372,-0.169959414065825,0.165573700577015
0.0373,-0.193985723329915,0.156415705987519
0.0374,-0.218174209298154,0.142228605018186
0.0375,-0.24165345792767,0.12044241410087
0.0376000000000001,-0.263756455891012,0.0855833375324876
0.0377000000000001,-0.285345294404626,0.0372581390267802
0.0378000000000001,-0.307995066626292,0.026015734576027
0.0379000000000001,-0.332163777071307,0.107150785388297
0.0380000000000001,-0.357493647961001,0.200187288419907
0.0381000000000001,-0.383881837265525,0.290559274168149
0.0382000000000001,-0.411623747439778,0.370650759963663
0.0383000000000001,-0.441985465202513,0.446540673918483
0.0384000000000001,-0.476837989903817,0.523044384334389
0.0385000000000001,-0.51684807768429,0.597646833326548
0.0386000000000001,-0.561610339300822,0.668800356105649
0.0387000000000001,-0.610843467973302,0.73665500601733
0.0388000000000001,-0.664652861326885,0.804455901930104
0.0389000000000001,-0.72364173789538,0.878498976274502
0.0390000000000001,-0.788621085640832,0.956157457447256
0.0391000000000001,-0.859287772867559,1.03379759935839
0.0392000000000001,-0.933920760373311,1.11102023728328
0.0393000000000001,-1.01119781244145,1.17883502578744
0.0394000000000001,-1.09114475679532,1.23462463908717
0.0395000000000001,-1.17396910384418,1.29022944744712
0.0396000000000001,-1.25949128046676,1.35575316008057
0.0397000000000001,-1.34723997597579,1.42907913502437
0.0398000000000001,-1.4358361212788,1.50712094085954
0.0399000000000001,-1.52391747037736,1.59302092969361
0.0400000000000001,-1.61155948813226,1.6907253454198
