time_s,w_center_mm,theta_span_K,theta_layer_01_K,theta_layer_02_K,theta_layer_03_K,theta_layer_04_K,theta_layer_05_K,theta_layer_06_K,theta_layer_07_K,theta_layer_08_K,theta_layer_09_K,theta_layer_10_K
0,0,0,0,0,0,0,0,0,0,0,0,0
0.0001,-0.00115569131429643,0.000154285923522618,9.13888152188456e-05,6.15919540566426e-05,3.74701228827128e-05,1.72966034413706e-05,-4.21161955950539e-08,-1.52565189860467e-05,-2.8835856490016e-05,-4.11414479760808e-05,-5.24432191879557e-05,-6.28971083037723e-05
0.0002,-0.00586839965088045,0.000780069578002205,0.000461356976575629,0.000310717780112257,0.000188765390422566,8.67711251598588e-05,-8.9309998655157e-07,-7.78193886795711e-05,-0.000146480208610757,-0.000208702461982234,-0.000265850689516498,-0.000318712601426576
0.0003,-0.0156590980553441,0.00214425398687753,0.00126747452128161,0.000853411426726024,0.000518196454930209,0.000237837817956535,-3.13312691025088e-06,-0.000214590250724754,-0.000403328684089623,-0.000574370284695721,-0.000731465696707826,-0.000876779465595921
0.0004,-0.0308304985575756,0.00433829704908609,0.00256543629975684,0.0017276750862067,0.00104945016347392,0.000482218466183883,-5.31921557903535e-06,-0.000433140039735636,-0.000814993830092396,-0.00116104080028767,-0.00147886963321648,-0.00177286074932925
0.0005,-0.0506109290803558,0.00578299862160143,0.00340635177481373,0.00228986765628849,0.00138593038558706,0.000629862025498318,-2.00247908222575e-05,-0.000590357976546381,-0.00109944360887991,-0.00156082673764374,-0.00198461928769025,-0.0023766468467877
0.0006,-0.073376367102881,0.00128898851866286,0.000667335438460397,0.000420268860006098,0.000219776356348509,5.16509303743635e-05,-9.31603749132651e-05,-0.000220579957152147,-0.000334533181773463,-0.000438048544627112,-0.000533353350596376,-0.000621653080202465
0.0007,-0.098298386596379,0.0127234510982763,-0.00779320533723187,-0.00533095897747563,-0.00333895060057907,-0.00167419913477956,-0.000244209930547557,0.00100964386131473,0.00212814182978164,0.00314105452723745,0.0040707160348426,0.00493024576104446
0.0008,-0.125385332934697,0.0272919886919853,-0.0165688054634892,-0.0112901274684287,-0.00701882926924023,-0.0034485506932569,-0.000381273270862754,0.00230873791974598,0.00470870668340108,0.00688250640250822,0.008878001302549,0.010723183228496
0.0009,-0.154499072365047,0.0267502721266331,-0.0162624862661079,-0.011088145207758,-0.00690138510584716,-0.00340187536325625,-0.000395469354713475,0.00224107527265136,0.00459328904012295,0.00672377520521015,0.00867945445967531,0.0104877858605252
0.001,-0.185199022072534,0.00900467101027837,-0.00563946091484153,-0.00389445904757048,-0.00248333613260494,-0.00130461889959715,-0.000292524493808716,0.000594455851916873,0.00138539182994632,0.00210134003836082,0.00275814266075512,0.00336521009543684
0.0011,-0.21636098345854,0.0195936004258527,0.011536000976392,0.00775329918647221,0.00469069032138371,0.0021290483869543,-7.28557017316895e-05,-0.0020052402819271,-0.00373012012998776,-0.005293388282021,-0.00672930383972163,-0.00805759944946072
0.0012,-0.246812369765776,0.0612411199037833,0.0366046296680719,0.0247708686307448,0.0151925833255144,0.00718363296652195,0.000301172261633084,-0.00573685844235958,-0.0111252143180656,-0.0160072810810286,-0.0204902962975422,-0.0246364902357115
0.0013,-0.27659714880375,0.116833953589266,0.0700320024440282,0.0474520408604101,0.0291767401636418,0.013896649178665,0.000766404465786704,-0.0107521264603888,-0.0210308267001786,-0.0303432228429212,-0.0388939569358855,-0.0468019511452383
0.0014,-0.306354875664072,0.181947074674294,0.109184832954998,0.0740183614618427,0.0455566683216238,0.0217602475995452,0.00131228374152406,-0.0166252812504528,-0.032631793313306,-0.0471332064656033,-0.0604482480709396,-0.0727622417192962
0.0015,-0.336238761913316,0.255161167431205,0.153262030008355,0.103942076818222,0.0640260909885609,0.0306535617873048,0.00197742810811888,-0.023177615830138,-0.0456242797366522,-0.0659599036935261,-0.0846315095522796,-0.101899137422851
0.0016,-0.365962693762624,0.331268818319223,0.199044458283664,0.135012367448433,0.0831897894183014,0.0398628447509139,0.00263336607334613,-0.03002452373221,-0.0591660591232818,-0.0855667435064299,-0.109806953027076,-0.132224360035559
0.0017,-0.395395316608915,0.405311376272068,0.243553274412075,0.165208853318697,0.101803091944709,0.048791968697757,0.00324124505893844,-0.0367160107219094,-0.0723709243660684,-0.104672331556955,-0.134330335254718,-0.161758101859994
0.0018,-0.42496803723003,0.478862093236946,0.287828523811256,0.195265635737793,0.120352966595647,0.0577217256600005,0.00390500286289128,-0.0433029312889134,-0.0854276314867004,-0.12359010794849,-0.158629346664076,-0.19103356942569
0.0019,-0.455925178344745,0.556386642045931,0.334486217697067,0.226936849248085,0.139895675950347,0.0671245989761633,0.00459528243805475,-0.0502551042751497,-0.0991991943463671,-0.143539475842975,-0.184250778337915,-0.221900424348864
0.002,-0.489494850910155,0.646057124083517,0.388387894666172,0.263505367188464,0.162436201195086,0.0779369436300758,0.0053300444748168,-0.0583603666118602,-0.115192600405124,-0.1666790620848,-0.213951688633887,-0.257669229417346
0.0021,-0.525828044466995,0.746097674165637,0.44854886279089,0.304328157424916,0.18760843492697,0.0900245637851146,0.00617463364363557,-0.0673780357034562,-0.133010513620772,-0.192469395923323,-0.247061903355264,-0.297548811374747
0.0022,-0.564705942156474,0.843590212048193,0.50717260106296,0.344106353446275,0.212134744049714,0.101799543075931,0.00699294198411675,-0.0761708118774898,-0.150379419416801,-0.217607702802353,-0.279333700669484,-0.336417610985233
0.0023,-0.606173523459148,0.933655994862397,0.561283927637841,0.380808654563305,0.234747512682368,0.112632549666339,0.00770395354752033,-0.0843388850021206,-0.166470556713069,-0.240876729119907,-0.309193232770861,-0.372372067224556
0.0024,-0.650662263708403,1.02019982222918,0.61330545261785,0.416101411308211,0.256501416043848,0.123067216810746,0.00841242628703653,-0.0921622025076719,-0.181906975643137,-0.263210158390583,-0.337859210444009,-0.406894369611333
0.0025,-0.699050294220931,1.10383202238818,0.663581687015447,0.450211594640338,0.277528186246465,0.133155547100893,0.00910178193661103,-0.0997175830389458,-0.196819301479291,-0.284787419818691,-0.365555926992774,-0.440250335372735
0.0026,-0.751578604640193,1.17787103227858,0.70804026246032,0.480359462348202,0.29609394307567,0.142037797057443,0.00966320858332353,-0.106455327744098,-0.210070364451157,-0.303939276864118,-0.390125760610457,-0.469830769818256
0.0027,-0.807295463228303,1.24211370265521,0.746620281418961,0.506522193387867,0.312206987624254,0.149748573834334,0.0101541150858605,-0.112297803176976,-0.221564339620723,-0.320553264361496,-0.411440818936619,-0.495493421236246
0.0028,-0.865445719892908,1.30306019625917,0.783249023624559,0.53137020758348,0.327520643564713,0.157090945669027,0.0106470418822579,-0.117813212856581,-0.232441132902111,-0.336287163787861,-0.431634326581546,-0.519811172634613
0.0029,-0.926274197545624,1.36493245610158,0.820391294319132,0.556553637554785,0.343025351017642,0.164503471626938,0.0111061013710502,-0.123453893607258,-0.243524860306354,-0.352302091274824,-0.452176996684396,-0.544541161782451
0.003,-0.990063192435544,1.43545153925912,0.862737419165554,0.585269384471594,0.36070960549541,0.172964582741425,0.0116419731650927,-0.129870175699959,-0.256144801473794,-0.370542285158356,-0.47557757750489,-0.572714120093568
0.0031,-1.05645838342913,1.51982441572775,0.913481621130601,0.6197039210633,0.381944613449279,0.183164178099419,0.0123593424337553,-0.137470487685576,-0.271167095483696,-0.392288374710332,-0.50349710963595,-0.606342794597152
0.0032,-1.12455305663738,1.61261570878442,0.969232760370456,0.657519169200708,0.405243936049637,0.194327257342654,0.0130941205228981,-0.145883479661964,-0.287742901857511,-0.416259265401856,-0.534257922145383,-0.643382948413968
0.0033,-1.19304966314387,1.7049804563227,1.02470921294126,0.695142537276842,0.428418303771335,0.205421249374083,0.013807757260272,-0.154275621644187,-0.304260431668484,-0.440138021073715,-0.564895556673884,-0.680271243381448
0.0034,-1.26123602710743,1.79538643503908,1.07910562384823,0.732062594284287,0.451194741509771,0.216373082321574,0.0145993240271037,-0.162396417330367,-0.32033379555544,-0.463415792424468,-0.594787986001454,-0.716280811190846
0.0035,-1.32935208684724,1.88800028956905,1.13480979719991,0.769864012841946,0.474507350881958,0.227572398216773,0.0153902517089832,-0.170735574690427,-0.336819845528043,-0.487282346681692,-0.625430930169281,-0.75319049236914
0.0036,-1.39731514883282,1.98660132777664,1.19407824851538,0.810073071458748,0.49929134200154,0.239460169843898,0.0161967842944049,-0.179649476106986,-0.354407502542862,-0.512727904436607,-0.658091287599855,-0.792523079261253
0.0037,-1.46457824877511,2.08806237014082,1.25512066289714,0.851502192165228,0.524847388712524,0.251745694940224,0.0170796237970944,-0.188768842937906,-0.372451927007132,-0.53885775099717,-0.691644701229633,-0.832941707243678
0.0038,-1.5305921499976,2.18684863655869,1.31456039518375,0.89184556040103,0.549736067817565,0.263713669472666,0.0179455139503592,-0.197641453906992,-0.390014273617385,-0.564292318797828,-0.724307071419654,-0.87228824137494
0.0039,-1.59502401388612,2.29138111666044,1.37741061657511,0.934489533008877,0.576026886322982,0.276332412921369,0.0188164077676727,-0.207075683354138,-0.408643950866819,-0.591252475669597,-0.758915890447015,-0.913970500085337
0.004,-1.65832174564408,2.40898360181902,1.44815626604158,0.98250176471397,0.605640881925576,0.290564713454054,0.0198319726418189,-0.21765360218849,-0.42956685720159,-0.621547173261025,-0.797815244358125,-0.960827335777437
0.0041,-1.72121186448973,2.53409519419264,1.52344857846642,1.03360852099882,0.637174328606972,0.305734192104282,0.0209407918568806,-0.228878434254348,-0.451797066512695,-0.653747361078609,-0.839169239105132,-1.01064661572621
0.0042,-1.78364581345788,2.66195958080758,1.6003246532283,1.08576831068179,0.669330926564709,0.321167084908515,0.0220036872904518,-0.240420798897136,-0.47458733845876,-0.68672751435672,-0.881505277432505,-1.06163492757928
0.0043,-1.84496540840867,2.78721632538806,1.67562783908444,1.13685936984627,0.700826790073983,0.336280325315581,0.0230399917507432,-0.25173270165673,-0.496917787525847,-0.71904007172773,-0.922982964501188,-1.11158848630361
0.0044,-1.90505461856716,2.90090884185893,1.74399449038205,1.18324895247931,0.729430118091602,0.350013474646093,0.0239958394049359,-0.261984972065551,-0.517171243167409,-0.748353929498268,-0.960615643841096,-1.15691435147689
0.0045,-1.9644176143082,3.00198644276819,1.8047339303831,1.22445062872931,0.75481948526434,0.362182784140046,0.0248055907348862,-0.271139859868187,-0.535217837865453,-0.7744559218023,-0.994113812209046,-1.19725251238509
0.0046,-2.02344827103822,3.0973118399903,1.86202257784634,1.26331326965482,0.77876961390114,0.373665167447313,0.0255748717884719,-0.279768123663142,-0.552231761821982,-0.799066777661334,-1.02569988329095,-1.23528926214396
0.0047,-2.0824294520113,3.19120983175268,1.91847083501101,1.30161109208257,0.80237803676672,0.38499246206236,0.0263494741672313,-0.288250290719514,-0.568973930441123,-0.82329199306231,-1.05679570648042,-1.27273899674167
0.0048,-2.1412931180358,3.28208884513733,1.97305558352662,1.33862991917932,0.825180275930807,0.39590864168923,0.0270522715026485,-0.29650679886243,-0.585225121923397,-0.846785996447427,-1.08693986261078,-1.30903326161071
0.0049,-2.19968108968697,3.36863086478622,2.02501605541184,1.37386313983694,0.846875570952454,0.406285195762777,0.0277028628805196,-0.304388012921318,-0.600719592665034,-0.869177774756749,-1.11566460801686,-1.34361480937438
0.005,-2.2576958380796,3.45771191587933,2.07855159250461,1.41017968424592,0.869256460076832,0.417015048194573,0.0284213812962524,-0.312451448897768,-0.616619383221183,-0.89217685855441,-1.14518199499472,-1.37916032337472
0.0051,-2.3156879622067,3.55505957987615,2.13704198086982,1.44985343505197,0.893701485549799,0.428727891873292,0.0291938576469195,-0.321275924108979,-0.634007486242474,-0.917323157572728,-1.17745160888775,-1.41801759900634
0.0052,-2.3737738467653,3.65739856968158,2.19851030907073,1.49154074639793,0.919379472539811,0.441020968277915,0.02998562915191,-0.330573238427366,-0.652307623251658,-0.943779432979991,-1.21139662768534,-1.45888826061085
0.0053,-2.43183401064875,3.75505496694093,2.25721583216689,1.53136937889066,0.943930763822952,0.452799570371534,0.0307891529788326,-0.339397006836198,-0.669722023272347,-0.968976415643814,-1.24373924417398,-1.49783913477404
0.0054,-2.48934245002022,3.84302312968391,2.31009294571038,1.56724241399024,0.966042129786466,0.463405411015298,0.0315087261160953,-0.347349641728933,-0.685413058794066,-0.991677976536144,-1.27287757966402,-1.53293018397352
0.0055,-2.54579255409202,3.92557853212577,2.35967542380291,1.60086788934465,0.986753145500721,0.473319023971209,0.0321444020592419,-0.354852697466002,-0.700178579585433,-1.01302296090832,-1.30026365534169,-1.56590310832286
0.0056,-2.60149041263618,4.00440310039224,2.40707155586922,1.6330270868915,1.0065809273088,0.48283712327529,0.0328038259146586,-0.361964025288328,-0.714223882984034,-1.03334998935517,-1.32635826716037,-1.59733154452302
0.0057,-2.65691978293326,4.08322980820374,2.45449947864716,1.66521706763851,1.0264388295258,0.492384931485526,0.0334927037012923,-0.369046011720215,-0.728239873331533,-1.05364765077703,-1.35242338823352,-1.62873032955658
0.0058,-2.71184410257117,4.16970305761577,2.506491153933,1.70049337244585,1.0481871868702,0.502823229364905,0.0342127330650668,-0.376850774226464,-0.743651462746066,-1.07595053336656,-1.38105353938937,-1.66321190368277
0.0059,-2.76582648871129,4.2600389771295,2.56082153748918,1.7373614100546,1.07092282242762,0.51374352653481,0.0349806490161843,-0.384988391178896,-0.759735610255365,-1.09923368104012,-1.41094643842433,-1.69921743964032
0.006,-2.8186537549014,4.3481369314986,2.61382566627938,1.77333541790367,1.09311432965732,0.524412321256163,0.035748566322292,-0.392905319185122,-0.775402099629336,-1.12192067880795,-1.4400792576627,-1.73431126521922
0.0061,-2.87018107539035,4.43844343565391,2.66816162031248,1.81021425919608,1.11586512053591,0.535351520676283,0.036538679287136,-0.401017764263796,-0.791458365787543,-1.14517342979637,-1.46993939400601,-1.77028181534143
0.0062,-2.92060198635325,4.53224658821605,2.72459799165765,1.84851764950322,1.13949346256116,0.546710943894351,0.0373560472533406,-0.409447670629054,-0.808139694404082,-1.16932991504271,-1.50095913292855,-1.80764859655839
0.0063,-2.96988520020282,4.62120436862544,2.77812271432499,1.88484597532563,1.16190473684915,0.557487031151379,0.0381346240933768,-0.417438691629056,-0.823955894423518,-1.19223511868707,-1.53037303839708,-1.84308165430045
0.0064,-3.01736844252163,4.6952670184833,2.82269173358594,1.9150978435626,1.18056976097743,0.56646504111427,0.038789108161746,-0.424085399050848,-0.837117495322174,-1.21129868943805,-1.55485543130428,-1.87257528489736
0.0065,-3.06260979507013,4.75160298617657,2.85656209221215,1.9380784274374,1.19473711404322,0.573264073629005,0.0392568416092102,-0.429171438522608,-0.847159270746484,-1.22583004476677,-1.57350891590537,-1.89504089396442
0.0066,-3.10559175707781,4.79753115289798,2.88417089510777,1.95680937062513,1.20628307355756,0.578802992616722,0.0396341407788769,-0.433321892694989,-0.855349934170725,-1.23768089032782,-1.58872038534502,-1.91336025779021
0.0067,-3.14644249277658,4.84237023600355,2.91113006695314,1.97510110299944,1.21756014374296,0.584215443991718,0.0400073661859479,-0.437369038812764,-0.863341458560122,-1.2492457666699,-1.60356614949872,-1.93124016905041
0.0068,-3.18513201037635,4.88649946882709,2.93765251659806,1.99309352128082,1.22864905618155,0.589532623621461,0.0403651008714923,-0.441361728504335,-0.871216134870169,-1.26063729805184,-1.61818671999074,-1.94884695222903
0.00690000000000001,-3.22124283034125,4.92909370901918,2.96324627197395,2.01045407365583,1.23934630047904,0.594658925734063,0.0407044704513824,-0.445221477793775,-0.87882287179382,-1.27163860480781,-1.63230480324031,-1.96584743704523
0.00700000000000001,-3.25402088420747,4.97227643193108,2.98915674908987,2.02801831581545,1.25015557085972,0.599820444895656,0.0410129383012427,-0.449170262859451,-0.88657060623205,-1.28282807992404,-1.64665445515449,-1.98311968284121
0.00710000000000001,-3.28314821448698,5.01274933148919,3.01343936489456,2.0444784809568,1.26028467610527,0.604656217632625,0.0413002016879936,-0.452873105344779,-0.893834014593504,-1.29331726525653,-1.66010552591366,-1.99930996659463
0.00720000000000001,-3.30901983101359,5.05021431378417,3.0359197161401,2.05971769376499,1.26966332307348,0.609134918450644,0.0415684340092179,-0.456298429302215,-0.900555273099916,-1.30302454559331,-1.67255454437568,-2.01429459764407
0.00730000000000001,-3.33150444868049,5.08762628845737,3.05838181378451,2.07494863427102,1.27904184384305,0.613620367298435,0.041849365121913,-0.459705784900773,-0.90725382893906,-1.31270479873132,-1.68497253194629,-2.02924447467287
0.00740000000000001,-3.35008723742807,5.12109418990154,3.07848807281743,2.08858582753025,1.28744346457404,0.617644704640652,0.0421124307508049,-0.462742137383022,-0.913234350462579,-1.32135258921309,-1.69606932548393,-2.0426061170841
0.00750000000000001,-3.36480334160508,5.14322180224875,3.09174620294814,2.09756756252002,1.29296403215259,0.620271343256267,0.0422522866220632,-0.464783836166334,-0.917222798868338,-1.32710478697777,-1.70344102866775,-2.0514755993006
0.00760000000000001,-3.37592854475294,5.15723085656096,3.10014025294959,2.10325420894631,1.29645940052647,0.621934555720621,0.0423411097199582,-0.466076160589361,-0.919747614493839,-1.33074623520396,-1.7081077877155,-2.05709060361137
0.00770000000000001,-3.3839785599033,5.17740197966995,3.11227111501876,2.11148591203269,1.30153548333573,0.624372392073403,0.0425120193881181,-0.467893770771494,-0.923339609892705,-1.33594570085444,-1.71478315120876,-2.06513086465119
0.00780000000000001,-3.38961965123555,5.20813390867533,3.1307331693544,2.12400775163155,1.30924975975703,0.628067226604735,0.0427530632200291,-0.470682422156162,-0.928831749811697,-1.34388706670415,-1.72497332111719,-2.07740073932094
0.00790000000000001,-3.3929878023928,5.24408154630845,3.15234860762594,2.13867443319904,1.31829274052886,0.632408514126247,0.0430543859807617,-0.473924918471374,-0.935236455474817,-1.35315652409379,-1.73687305679461,-2.09173293868251
0.00800000000000001,-3.39414810089066,5.28089168013632,3.17452854370832,2.15373799695553,1.32759717992591,0.636898253940374,0.0434072078099321,-0.477200795057276,-0.94175017226348,-1.36260338935887,-1.74901288744108,-2.106363136428
0.00810000000000001,-3.39359423284366,5.31405696582956,3.19448815496694,2.16728635110123,1.33595692336156,0.64092014152227,0.0437018162476128,-0.480175658119219,-0.947642399048236,-1.37113850905147,-1.75997454340018,-2.11956881086262
0.00820000000000001,-3.39179412346349,5.34318305401793,3.21199175016533,2.17916000510292,1.34327415748683,0.644427935410332,0.0439362879890941,-0.482812550273731,-0.952841481168985,-1.37865879134244,-1.76962606525217,-2.1311913038526
0.00830000000000001,-3.38904787365897,5.36500488866737,3.22517081338758,2.18811974020209,1.34881943436043,0.647118824509313,0.0441747091874212,-0.484725201312276,-0.956673434213408,-1.3842293543958,-1.77679279717929,-2.1398340752798
0.0084,-3.38550684705287,5.37375675504514,3.2305016534158,2.19175749530124,1.35108730002093,0.648241713941631,0.0443139901488241,-0.485448483597105,-0.958166234760508,-1.38641910903282,-1.77962229570557,-2.14325510162934
0.0085,-3.38113735247444,5.37004362583101,3.22826613701095,2.1902397893649,1.35015051153168,0.647790588211139,0.0442801646936381,-0.485116267373491,-0.957507400006417,-1.38546438688304,-1.77839591067832,-2.14177748882006
0.0086,-3.37604919058034,5.35327300616186,3.21821534527725,2.18343014387874,1.34596412656748,0.645797535715,0.0441718574726498,-0.483571171958786,-0.954486866600052,-1.38110711730034,-1.77281123244581,-2.13505766088461
0.0087,-3.37062679356733,5.32431340381534,3.20085124241438,2.17166303331266,1.33872696701063,0.642347871248098,0.0439767859392836,-0.480911165218021,-0.949279108761636,-1.37359113711561,-1.76317583256524,-2.12346216140096
0.0088,-3.36489729903576,5.2943337077561,3.18280534690684,2.15941264835601,1.33116685373587,0.638708969271648,0.043707152398368,-0.478225377406009,-0.943956193683676,-1.36587920942894,-1.75327047373652,-2.11152836084926
0.0089,-3.35841778957505,5.26851635696727,3.16729530555188,2.14889288419098,1.32468584274252,0.635604622128547,0.0435042740114341,-0.475883063625919,-0.939342729006437,-1.35920819621505,-1.7447102835844,-2.10122105141539
0.009,-3.35064213212898,5.23664526204262,3.14815801944598,2.13591582618829,1.31669445580217,0.631781629717001,0.0432630924854338,-0.47298221630573,-0.933638132919577,-1.35096351961896,-1.73413336088112,-2.08848724259664
0.0091,-3.34088470946529,5.19202329431428,3.12128940049101,2.11767345663683,1.30543321279321,0.626356781033462,0.0428530883648858,-0.468993381750205,-0.925724228735552,-1.33949386027053,-1.71939906750179,-2.07073389382327
0.0092,-3.32857893004887,5.13746380808532,3.08844928583995,2.09538045810806,1.29167593799628,0.619735639598934,0.0423636147195462,-0.464104335437613,-0.916035917336635,-1.32545782029966,-1.70137123167339,-2.04901452224537
0.0093,-3.31342122510054,5.07627050833444,3.05163827063685,2.0703985385013,1.2762673516096,0.612330763975562,0.0418359374953258,-0.458599454571924,-0.905148119546394,-1.30969349703305,-1.68112955262686,-2.02463223769759
0.0094,-3.29492078414798,5.00909665497199,3.01120341586305,2.04294937294092,1.25932742383622,0.604176880110113,0.041231387994192,-0.452581955588419,-0.893221756932157,-1.29241420850202,-1.65893556754816,-1.99789323910894
0.0095,-3.27224873141223,4.93666313072495,2.96761420975112,2.01336240014891,1.24107243006427,0.595395821629803,0.0405907665002104,-0.446081988679126,-0.880350204874411,-1.27377051386352,-1.63499225143591,-1.96904892097383
0.0096,-3.24491687844175,4.86235426627324,2.92295736043939,1.98306912317084,1.22240386769248,0.58644621660014,0.039992329450249,-0.439354767493517,-0.867086115822105,-1.25458439038522,-1.61036873705666,-1.93939690583385
0.0097,-3.21298716210132,4.79176272309572,2.88048317823371,1.95424097057899,1.20461945196137,0.577894786155195,0.0393743219474532,-0.433013750282908,-0.854535508228687,-1.23640837730238,-1.58702781141791,-1.91127954486201
0.0098,-3.17658901263255,4.73029122586718,2.84345688408402,1.92909848274775,1.18909433519363,0.570409973559796,0.0387979957448934,-0.427530247708677,-0.843644868058386,-1.22061939465927,-1.56674155836649,-1.88683434178316
0.0099,-3.13605611985403,4.6809677109396,2.81384812548478,1.90902310055558,1.1767346616311,0.564501247824916,0.0384324552020097,-0.423033177525687,-0.834808691260689,-1.20785214573332,-1.5503648659695,-1.86711958545482
0.01,-3.09150388965319,4.64290805692907,2.79098362279838,1.89351520504124,1.16718064906632,0.559925074905411,0.038133595437766,-0.419579942307123,-0.828007349216962,-1.19801758662448,-1.53774530093092,-1.85192443413069
0.0101,-3.04270344012368,4.60720899833362,2.76949628628781,1.87892899044369,1.15817947703202,0.555593176003829,0.0378137349883099,-0.416380558221367,-0.821667734556621,-1.18883318734395,-1.52594900816224,-1.83771271204581
0.0102,-2.99019921161287,4.56275532643698,2.7428310020664,1.86085543499659,1.14705962117263,0.550287261722865,0.0375037027654284,-0.41230801343072,-0.813684389336314,-1.1773067472208,-1.51116930972996,-1.81992432437058
0.0103,-2.93505250322103,4.50983082940452,2.71104773869037,1.83930180527108,1.13378514214514,0.543934752966897,0.0370990789144771,-0.407495061368735,-0.804215611046349,-1.16361999393885,-1.49360971488356,-1.79878309071415
0.0104,-2.8780814772621,4.45685759171941,2.67918918271127,1.81768319996285,1.1204538071665,0.537531961671887,0.0366496721214293,-0.402722235567377,-0.794782912445567,-1.14996577448848,-1.47607951003332,-1.77766840900814
0.0105,-2.81996258282467,4.40249959506435,2.64654391762326,1.79554466777816,1.10681868480875,0.531006301202187,0.0362330000092597,-0.39778001345576,-0.785058763480098,-1.1359094118233,-1.45804541735672,-1.75595567744109
0.0106,-2.76104735541356,4.33877859004784,2.60830211869496,1.76961883989439,1.09086066938628,0.523382217536776,0.0357701477253054,-0.391960831891871,-0.773633842950371,-1.11940587110909,-1.43687875043814,-1.73047647135287
0.0107,-2.70176031055123,4.26993274755502,2.56692494113433,1.7415493230729,1.07356128065334,0.515087284757884,0.0352124253034205,-0.385731473097085,-0.761348210053294,-1.10163360356907,-1.41406886808818,-1.70300780642069
0.0108,-2.6432078957426,4.20065059078187,2.52527600098094,1.71329256728642,1.05614301175271,0.506730579186974,0.0346419696203275,-0.379471864810221,-0.748993995655809,-1.08375805283159,-1.39112386396596,-1.67537458980093
0.0109,-2.58637074846226,4.12982517964751,2.48274024011629,1.68444650413567,1.03837642194349,0.498227221724497,0.0340982806484563,-0.37303321876791,-0.736324772266108,-1.06544420476179,-1.3676272650113,-1.64708493953122
0.011,-2.53129722056271,4.05632412550197,2.43854457711891,1.65445874003513,1.01988726149769,0.489351468802506,0.0334829218701287,-0.366402634706622,-0.723228509745585,-1.04649046480025,-1.34329546698563,-1.61777954838306
0.0111,-2.47737063308482,3.97249459930644,2.3881464026279,1.62026482416737,0.998807664087162,0.479236134324032,0.0327887400262758,-0.358832638016797,-0.708284226780497,-1.02486554505849,-1.31553668403717,-1.58434819667854
0.0112,-2.42423829665629,3.8720042732588,2.32775319334351,1.57929599146369,0.97355934053311,0.46713108688892,0.0319772533261731,-0.349737403042241,-0.690348981936308,-0.998921754696723,-1.28223975173768,-1.54425107991529
0.0113,-2.37213071716703,3.75412882203984,2.25684315542418,1.53117214116661,0.943876432267924,0.452865576789235,0.0309591562164942,-0.339135107498609,-0.669377688186247,-0.968556918245106,-1.24325028844313,-1.49728566661566
0.0114,-2.32125035204238,3.62369573342433,2.17838473641748,1.4779272784311,0.911037019015592,0.437085999542155,0.0298382771488089,-0.327397618463463,-0.646166528563643,-0.934951449375112,-1.20010133041171,-1.44531099700684
0.0115,-2.27118040396145,3.49205994413335,2.09923366781811,1.42422165616485,0.877924670031894,0.421190659374905,0.0287367857861384,-0.315522077620859,-0.62271135899606,-0.901005899785315,-1.15652400981329,-1.39282627631523
0.0116,-2.22082880598604,3.36383286736622,2.02210835314571,1.37188334193501,0.845646622359487,0.40568388859373,0.0276407880342125,-0.303977160756942,-0.599886793299802,-0.867962778380707,-1.11409875165779,-1.34172451422052
0.0117,-2.16925444549921,3.23515158322789,1.94470588791215,1.319355754965,0.813250402197161,0.390118369802485,0.0265370901556314,-0.292395179992119,-0.576985229540934,-0.834806491747436,-1.07152713111622,-1.29044569531574
0.0118,-2.11614001041903,3.10854445686914,1.86858240792394,1.26770559511056,0.781406783011196,0.37483402981943,0.0254814523351742,-0.280969512949349,-0.554422270550462,-0.802153870471081,-1.0296106494016,-1.2399620489452
0.0119,-2.06141338928197,2.99375121430529,1.79955854331834,1.22087148124655,0.75253107286832,0.360972445342769,0.0245208720982451,-0.270613447433722,-0.533968167715032,-0.772551611786129,-0.991608986547275,-1.19419267098695
0.012,-2.00480498185184,2.89207767093348,1.73839144115446,1.17935868950574,0.726924565858819,0.348664240219481,0.0236392329612677,-0.26147192132577,-0.515882874683413,-0.746363939215741,-0.957982169881252,-1.15368622977902
0.0121,-1.94565775043419,2.79363365628372,1.6792166600607,1.13921296269001,0.702179349597335,0.336794709126105,0.022833294219285,-0.25257290830342,-0.498323922892714,-0.720959605770106,-0.925374533006381,-1.11441699622302
0.0122,-1.88312260467609,2.69305433453858,1.61879639240571,1.0982337595843,0.676934293729375,0.324704455187955,0.0220465901765974,-0.243444031903305,-0.480347069280807,-0.694966919682611,-0.892021950124445,-1.07425794213287
0.0123,-1.81710022745056,2.59136007630228,1.55766614430659,1.05676086604536,0.651370395248262,0.312441355111519,0.021212360644394,-0.234252895027398,-0.462210084824754,-0.668725542001208,-0.858339459589998,-1.03369393199569
0.0124,-1.74859190157219,2.48997873620056,1.49674420887039,1.01543540500463,0.625904759137909,0.300235502966961,0.0204002022357589,-0.225070470376426,-0.444109233468562,-0.642545086289341,-0.824740601982077,-0.993234527330164
0.0125,-1.67844629245995,2.39422827174956,1.43921612659053,0.976415181048935,0.601863371808528,0.288717386963076,0.0196429518485412,-0.216388219476332,-0.427003845785369,-0.6178087731795,-0.792997823129669,-0.955012145159025
0.0126,-1.60688268147354,2.30958299046111,1.3883511872884,0.941911725152602,0.58060159683276,0.278526467317344,0.018964851927486,-0.208721644832604,-0.411891100778473,-0.59595020716874,-0.764945487119641,-0.921231803172713
0.0127,-1.53403007169573,2.23400513756508,1.34295108394752,0.911120106995578,0.561633002804782,0.269442719787937,0.0183748778502991,-0.201860796393139,-0.398381651507857,-0.57641744914402,-0.73988230481758,-0.891054053617564
0.0128,-1.46028798209605,2.16083879098614,1.29899170361348,0.881303243962355,0.543262004621201,0.260641200613142,0.0177961201333974,-0.195226494730521,-0.385310931092254,-0.557515667195499,-0.715626633482772,-0.861847087372662
0.0129,-1.38671986194153,2.08758978212316,1.25499903774363,0.851468754495123,0.52488613521643,0.251845550979171,0.0172325141167519,-0.188568839331401,-0.372209499325138,-0.538576465512699,-0.691327343176204,-0.832590744379532
0.013,-1.31453979968819,2.01472974799638,1.21121251633963,0.821765760085587,0.506581207522709,0.243070087716148,0.0166453928691843,-0.181973134875474,-0.35920438090177,-0.519764779676491,-0.667184284826641,-0.803517231656746
0.0131,-1.24421925678663,1.94120630347376,1.16699804585893,0.791763620662322,0.488081232013771,0.234186471298484,0.0160246894754444,-0.175345705358948,-0.346109331317412,-0.500810507636175,-0.642850365525725,-0.77420825761483
0.0132,-1.17576682336169,1.85864330122883,1.11737887437149,0.758103546435053,0.467337151845629,0.224240926543951,0.0153579511291071,-0.167873066419612,-0.331373727148606,-0.479495070636821,-0.615493576294973,-0.741264426857339
0.0133,-1.10924827435587,1.75747144493076,1.0565473057679,0.716828651633698,0.441889692869512,0.212026006199754,0.0145131986919144,-0.158744002104074,-0.313344850368665,-0.453403545711166,-0.581999304401012,-0.700924139162867
0.0134,-1.04515762652599,1.6457449824001,0.989361779910887,0.671240172754443,0.413779907766674,0.198529258642228,0.0135727989218197,-0.14867010637973,-0.29344272307591,-0.42459770361939,-0.545018506167245,-0.656383202489215
0.0135,-0.984504115462945,1.53449793477973,0.922455950018153,0.625838884908081,0.385782405586241,0.185082126999116,0.0126281402452612,-0.138647759295327,-0.273634362117289,-0.395923896686903,-0.508204900556512,-0.612041984761581
0.0136,-0.927882840538907,1.42508594228299,0.856639479740924,0.581172510381971,0.358232889304576,0.171843029912765,0.0116852906875197,-0.128804553343207,-0.254166640479546,-0.367737072437189,-0.472012677314653,-0.568446462542069
0.0137,-0.874858384392563,1.32020216851078,0.793555699857932,0.538363319782434,0.331832049803604,0.159160308520825,0.0107899095920272,-0.119360251657848,-0.235496105707822,-0.340708226909342,-0.437309670689606,-0.526646468652846
0.0138,-0.824392151433299,1.22054967953464,0.733605317263295,0.497676545108262,0.306735367544056,0.147097582454033,0.00992661321174681,-0.110399619326699,-0.217769485129285,-0.315040278677024,-0.404350444983028,-0.486944362271341
0.0139,-0.775998825468737,1.12127870053678,0.673908111505565,0.457168737676678,0.281757712861631,0.135103882580548,0.00908945581884014,-0.101450381659201,-0.200087694944355,-0.289447389316255,-0.371493974693226,-0.447370589031218
0.014,-0.730097367672583,1.02140291160845,0.613829265557149,0.416396550937661,0.256610489444518,0.123019796321088,0.00822989198084088,-0.0924639845185387,-0.182315636070017,-0.263716164751676,-0.338455080500695,-0.407573646051299
0.0141,-0.686694176549905,0.924757629048127,0.555690960105345,0.376940479210135,0.23227401714868,0.111323942634225,0.00739550214024519,-0.0837708921378775,-0.165121070570767,-0.238819894734296,-0.306487534213422,-0.369066668942782
0.0142,-0.644983506236434,0.832644194864814,0.500328881822403,0.339383621375009,0.209127238999403,0.100224828777264,0.00664851729153788,-0.075436991940693,-0.148684082409673,-0.215041978842052,-0.275969465566827,-0.33231531304241
0.0143,-0.603922784795801,0.740781371850942,0.445085501812223,0.30189764108855,0.186012476534841,0.0891250905617669,0.00587275845377646,-0.0671566748754507,-0.132322890601599,-0.191360066546555,-0.245566031632691,-0.295695870038718
0.0144,-0.562862505294093,0.646999773155902,0.388716193984847,0.263656094473808,0.162442024395786,0.0778205046127383,0.00510777967351099,-0.058676329672663,-0.115592735628303,-0.167156074479061,-0.214499865883639,-0.258283579171055
0.0145,-0.522183275190567,0.560504950987865,0.336780673406151,0.228438768505413,0.140755277296957,0.0674463401692731,0.00445427528299096,-0.0508026925448242,-0.100110011612689,-0.144779829405621,-0.185794138642192,-0.223724277581713
0.0146,-0.482562884014109,0.491732304777521,0.295452586680502,0.200404094653285,0.123479225989273,0.0591651493499623,0.00390206626042034,-0.0445750198694489,-0.0878324770879143,-0.127021456055384,-0.163003459579737,-0.196279718097019
0.0147,-0.443963308814783,0.441405572954069,0.265208063691662,0.179887505394393,0.110835639901724,0.0531038650617993,0.00349672888786719,-0.040018951481273,-0.0788492224760307,-0.114027419965234,-0.146326873779655,-0.176197509262407
0.0148,-0.405829077878987,0.400383599106716,0.240606141937645,0.163213960221393,0.100578935866252,0.0482122616643697,0.00321533722670676,-0.0362560729777319,-0.0714774207381355,-0.103386004359295,-0.132683297410836,-0.159777457169071
0.0149,-0.367677426917661,0.361503587158586,0.217296921904925,0.147418978718743,0.0908656529609469,0.0435839057113801,0.00295646699409146,-0.0326818184016409,-0.0644826402956162,-0.0932922731990378,-0.119744088739361,-0.144206665253661
0.015,-0.329731971083139,0.325164664800002,0.195454027672333,0.132600325025706,0.0817318290579972,0.0392029185205677,0.00265941525833291,-0.0293964518776071,-0.0580006032323648,-0.0839142444268134,-0.10770707959418,-0.129710637127669
0.0151,-0.293026781154041,0.287444252472944,0.172813729394512,0.117250664123291,0.072282762202496,0.0346872336667628,0.00238290835698099,-0.0259542419898629,-0.0512400226688023,-0.0741473329874308,-0.0951797986868923,-0.114630523078432
0.0152,-0.258197567210023,0.246407250418298,0.148199945288441,0.10056821660404,0.0620195372477838,0.0297910871290551,0.00209866384159049,-0.0221927439315159,-0.0438682941983378,-0.0635048138110108,-0.0815340451016116,-0.0982073051298571
0.0153,-0.224927380655134,0.205470753446268,0.123541256955706,0.0838234879983605,0.0516794409757647,0.0248053786027629,0.00171361225392974,-0.0185423007538478,-0.0366170138190779,-0.0529915273925215,-0.0680258460430667,-0.0819294964905618
0.0154,-0.192910201348097,0.161966548633634,0.0973836568108401,0.0660753137654656,0.0407371104063431,0.0195530790616606,0.0013505192949287,-0.0146166217713543,-0.0288643876739626,-0.041771936942726,-0.0536230505044582,-0.0645828918227942
0.0155,-0.162524606488366,0.114570712202096,0.0689159039182962,0.0467686655145493,0.0288447967722994,0.013859664915568,0.00098365737975403,-0.0103109673416077,-0.0203892938460811,-0.0295195255166643,-0.0379024097177535,-0.0456548082838003
0.0156,-0.13478462414629,0.0728770054604682,0.0438041625321119,0.0297172101549959,0.018316408441383,0.00878469218493901,0.000594439310785327,-0.00659003549132825,-0.0130009034051277,-0.0188087685806645,-0.0241413145582599,-0.0290728429283564
0.0157,-0.11056846977124,0.0448624585945826,0.0269338731390894,0.0182626813872813,0.0112447855666395,0.00537727927605315,0.000335444996956916,-0.00408735787455994,-0.00803399867395603,-0.0116095030823684,-0.0148924628579347,-0.0179285854554933
0.0158,-0.0897406364045837,0.0255609001390914,0.0153126335448881,0.0103727700126055,0.00637460101120158,0.00303166554541824,0.00015903848931643,-0.00236101139043732,-0.0046098294927683,-0.00664725880482459,-0.0085180682704909,-0.0102482665942034
0.0159,-0.0716196017018278,0.00538834688415178,0.00313342509422774,0.00209392158086099,0.00125210731510505,0.000547810324893676,-5.77067121551906e-05,-0.000589248906180662,-0.00106380485884891,-0.00149399939847746,-0.00188924268004189,-0.00225492178992405
0.016,-0.0559776847123411,0.0209025599554919,-0.0127259804185777,-0.00868240927077997,-0.00541069163998014,-0.00267610815293659,-0.000326905213453786,0.00173322085544927,0.00357113451788543,0.00523575182285292,0.0067637417769819,0.00817657953691424
0.0161,-0.0432578385483591,0.0495925789019932,-0.0299786628211744,-0.0203892236502817,-0.0126291839478528,-0.00614214619174841,-0.000568623241649745,0.00431984135736202,0.00868152603300078,0.0126325089902184,0.0162597276472434,0.0196139160808188
0.0162,-0.0341820810166157,0.0739303286741316,-0.0446465862205727,-0.0303519537242386,-0.0187841201520374,-0.00911373441734375,-0.000805004591113066,0.00648263552540888,0.0129850655738716,0.0188753341104702,0.0242830306444678,0.0292837424535589
0.0163,-0.0288746448035439,0.0957196099208812,-0.0578138654788805,-0.0393060458178426,-0.024328762933595,-0.0118082135496715,-0.00105067061844879,0.00838480740327282,0.0168036349997805,0.0244298619580868,0.0314312738640826,0.0379057444420007
0.0164,-0.0267321880915019,0.113985754214194,-0.0687666274616376,-0.0467285206935951,-0.0288939861316568,-0.0139844887014941,-0.00117412510846798,0.0100621798387365,0.0200879882047732,0.0291701132970579,0.0375083360948425,0.0452191267525568
0.0165,-0.0270966861301928,0.123086496060141,-0.0742389258412468,-0.0504416260146064,-0.031183358238451,-0.0150835490680201,-0.0012504012638208,0.0108830804028778,0.0217094546623444,0.031516839327159,0.0405209608664722,0.0488475702188938
0.0166,-0.0300364562410035,0.121668121922732,-0.0734258196597054,-0.0499019203594349,-0.0308651173980226,-0.0149506497476376,-0.0012768865740151,0.0107166395307168,0.0214180351177445,0.0311120935697124,0.0400120677049655,0.048242302263027
0.0167,-0.0364441871950704,0.107286622195608,-0.0647091618957608,-0.0439665815469276,-0.0271803835926178,-0.013147210867507,-0.0010897411984199,0.00948623885086098,0.0189228973370724,0.027471368136791,0.0353196861626341,0.0425774602998472
0.0168,-0.0465593762960734,0.0781044904911146,-0.0471193606086144,-0.0320185771278695,-0.0197981313000122,-0.0095819555384657,-0.000804131448272506,0.00689512912219052,0.0137649428416404,0.0199881336281773,0.025701593835127,0.0309851298825003
0.0169,-0.0596145470848134,0.0404537086626009,-0.024495294800591,-0.0166721881260022,-0.0103417189741984,-0.00504992869992143,-0.000503469364298162,0.00348402146982968,0.0070417240657839,0.0102643216532796,0.0132227427830553,0.0159584138620098
0.017,-0.0748904193223004,0.00812630563919572,-0.00500061643642037,-0.00342755951464681,-0.00215503974341664,-0.00109168413384362,-0.000178357257854437,0.000622388326992274,0.00133663712024984,0.00198340082056293,0.0025769506253576,0.00312568920277535
0.0171,-0.0921585733720344,0.0152208387172301,0.0091086332282038,0.00616726297652405,0.00378656289852496,0.00179597499474043,8.54062888323758e-05,-0.00141524771033934,-0.0027544097934531,-0.0039677158591489,-0.00508182184224615,-0.00611220548902628
0.0172,-0.111960561596034,0.0390509706865545,0.0234575862537578,0.015909413791197,0.00980048006684854,0.00469299625103057,0.000304275688132656,-0.00354555574759624,-0.00698088153879076,-0.0100931210259032,-0.0129506888617846,-0.0155933844327967
0.0173,-0.134930723285643,0.0670272031050105,0.0402983519747008,0.0273419514206187,0.0168561755191937,0.00808952098407477,0.000556690871592979,-0.00605105626440664,-0.0119472727470025,-0.0172888673562153,-0.0221932775213597,-0.0267288511303096
0.0174,-0.160661416697235,0.0969584525450965,0.0583333296903426,0.0395904287993787,0.0244217643883784,0.0117401564109597,0.000843493850878684,-0.00871483989298092,-0.0172438264783539,-0.024970438840143,-0.0320645679793701,-0.0386251228547539
0.0174999999999999,-0.188283486908124,0.128495116431305,0.0772864894940436,0.0524476763680845,0.0323454772774048,0.0155391427128818,0.00109824612344045,-0.0115690925899629,-0.02287232008496,-0.0331122364919589,-0.0425139856127019,-0.051208626937261
0.0175999999999999,-0.217372613616744,0.163333643857774,0.0982081728960881,0.0666355191353501,0.0410834187671744,0.0197205704779413,0.00136436893426794,-0.014737536229824,-0.0291055485495535,-0.0421220266213529,-0.0540731473880329,-0.0651254709616858
0.0176999999999999,-0.248098328313975,0.206361752674798,0.124100991796539,0.084210523961163,0.0519268298776842,0.0249361277152475,0.00174421526444294,-0.0185994576293275,-0.0367524236650207,-0.0531977666376832,-0.0682970591741629,-0.0822607608782585
0.0177999999999999,-0.280861723511065,0.256644618909934,0.154302249657415,0.10469265623583,0.0645430030172215,0.0309758092562871,0.00213288775173123,-0.0231679209786777,-0.0457443030214846,-0.0661970560031603,-0.0849758437883988,-0.102342369252519
0.0178999999999999,-0.315350800195844,0.307829720047151,0.185036292532419,0.125533359037562,0.0773767044100853,0.0371150552007593,0.00251973186967739,-0.0278271889351935,-0.0549064049751671,-0.0794385408025968,-0.101962929520797,-0.122793427514732
0.0179999999999999,-0.350587720698243,0.357699909162767,0.215001973713374,0.145859441323257,0.0899012522048995,0.0431170323601063,0.00291707258959345,-0.0323462606500308,-0.0638125248233721,-0.0923190909665799,-0.11849266399835,-0.142697935449393
0.0180999999999999,-0.386011423963747,0.402515589349481,0.241876078917987,0.164072013190099,0.101103586625918,0.0484581153386316,0.00322159353023667,-0.036460033078564,-0.0718689889129908,-0.103947564420324,-0.133400965170417,-0.160639510431494
0.0181999999999999,-0.421834337541641,0.441811273651288,0.26546071350116,0.180061562969932,0.110946135492994,0.0531612603563993,0.00350852548577546,-0.0400471219365338,-0.0789130356450038,-0.114123500348968,-0.146452559226144,-0.176350560150128
0.0182999999999999,-0.458669718846258,0.487663680662643,0.293012513633453,0.198750370813669,0.122461934749912,0.0586799773275098,0.00387414232212044,-0.0442018267597404,-0.0871013453573747,-0.125966038975602,-0.16165028360039,-0.19465116702919
0.0183999999999999,-0.496942209526429,0.549555846300448,0.330191445214296,0.223966133081822,0.137995594847283,0.0661187458184954,0.00435719548158242,-0.0498203965745068,-0.0981645834746238,-0.141961881811628,-0.182175098690152,-0.219364401086153
0.0184999999999999,-0.536458506506376,0.622290052878549,0.373872612896206,0.253588674650601,0.156240073700371,0.0748503457470924,0.00491460862372726,-0.0564335004686387,-0.111176188271719,-0.160770245039529,-0.20630590048486,-0.248417439982343
0.0185999999999999,-0.576766798477084,0.701852085699688,0.421682527493275,0.286019678668529,0.176224610921072,0.0844288733986113,0.00555159520756606,-0.0636400625401432,-0.125381753968422,-0.181316524316048,-0.232673995692761,-0.280169558206412
0.0186999999999999,-0.617949452154165,0.791807123342835,0.475779011555397,0.32272753697663,0.19885970531225,0.095298467057277,0.00631161526570392,-0.0717480427003136,-0.1414027851566,-0.20450623816403,-0.262445636666606,-0.316028111787438
0.0187999999999999,-0.660766490115547,0.892847044705911,0.536507987668519,0.363925795473882,0.224251418238104,0.107474997890226,0.00713281673448396,-0.0808877264841453,-0.159430797373161,-0.230586555487502,-0.295919261024445,-0.356339057037392
0.0188999999999999,-0.70590262549095,0.999968117093568,0.600925992022851,0.407636951402129,0.251204335882595,0.120417222594098,0.00803626826093027,-0.0905445526250886,-0.178510723287826,-0.258203169213277,-0.33137384006103,-0.399042125070718
0.0189999999999999,-0.753357527718936,1.10536226350951,0.664327870391393,0.450665366084861,0.2777444354652,0.13317240260097,0.00894674455396273,-0.100024036928311,-0.197261277928587,-0.285352624914153,-0.366234697684827,-0.441034393118116
0.0190999999999999,-0.802869847988586,1.20427281991644,0.723810233355597,0.49102796457998,0.302633246020665,0.145124390921035,0.00978269548579361,-0.108938943520514,-0.214877021853162,-0.310850731252329,-0.398969995656534,-0.480462586560841
0.0191999999999999,-0.854523298266269,1.29787300873783,0.780119740022796,0.529243817427178,0.326205854389362,0.1564546474973,0.0105937091266028,-0.117355211027031,-0.231526882750897,-0.334959609606405,-0.429927321191509,-0.517753268715036
0.0192999999999999,-0.908800287374825,1.39020876186134,0.835659289880148,0.566934319478282,0.349451025882428,0.167622887961583,0.0113848144851806,-0.125666766307749,-0.247960853245033,-0.358751902698373,-0.46047563170716,-0.554549471981194
0.0193999999999999,-0.966546747145416,1.48613923359383,0.893391824445876,0.606122326596624,0.373631000983267,0.179255632788622,0.0122364178234231,-0.13427209957483,-0.265004653766598,-0.383440265819883,-0.492182747651076,-0.592747409147949
0.0194999999999999,-1.02797583610202,1.58903406519013,0.955285707950514,0.648125969656759,0.399537380764739,0.191704007673647,0.0131209762120026,-0.143531128912388,-0.283314922952679,-0.409950297680094,-0.526221354590841,-0.633748357239613
0.0195999999999999,-1.09234994207772,1.69429963709848,1.01855812698057,0.691050794063968,0.425994565305187,0.204393314344967,0.0139800538047576,-0.153049504863529,-0.302093332213898,-0.43711774534491,-0.561091275542366,-0.675741510117914
0.0196999999999999,-1.15911302389857,1.79276451555597,1.07778312395013,0.731241970273533,0.450781561844676,0.216301734282707,0.0148225186836007,-0.161913927067904,-0.319619331087477,-0.462490511344246,-0.593668525456724,-0.71498139160584
0.0197999999999999,-1.22786447177039,1.88357969276284,1.13238461814689,0.76828880930202,0.473621206626458,0.227263430880754,0.0155779809531788,-0.170111299320782,-0.335805482261069,-0.485913981461647,-0.62373697090852,-0.751195074615956
0.0198999999999999,-1.29838983925818,1.97386793766988,1.18664848348759,0.805100281285623,0.496308141940763,0.238141426682331,0.016308971453419,-0.178281263904826,-0.351917981981114,-0.509221960590889,-0.653651560837167,-0.787219454182288
0.0199999999999999,-1.37054606422691,2.0601790630298,1.2385262590474,0.840294344888302,0.517999797538402,0.248544298326344,0.0170118026606513,-0.186087294861292,-0.367316664287978,-0.531499136815857,-0.682244293868753,-0.821652803982402
0.0200999999999999,-1.44328385850052,2.13339500427552,1.28251580041232,0.870131775583287,0.536383601069519,0.257352134756101,0.0175913037886933,-0.192725741199076,-0.38039589029789,-0.55041337417523,-0.706516046321789,-0.850879203863197
0.0201999999999999,-1.51529791220103,2.19933401742908,1.32210888163018,0.89697979753377,0.552916632990585,0.265261059451146,0.0180897185326092,-0.198727961055167,-0.392198868689259,-0.567471601614875,-0.72839952939983,-0.877225135798898
0.0202999999999999,-1.58610789082443,2.26727649180096,1.36290318506617,0.924641835765332,0.569950294077765,0.273408589910137,0.0186015822864341,-0.204914249913113,-0.404362172915577,-0.585049840927964,-0.750949648875932,-0.904373306734793
0.0203999999999999,-1.65574046741743,2.34397343176314,1.40899921478332,0.95591261020631,0.58922272524371,0.282649706671394,0.0192231463647767,-0.211853756868256,-0.418048602920658,-0.604848592995515,-0.776360497034442,-0.934974216979818
0.0204999999999999,-1.72416013679249,2.43493313843695,1.46365334258885,0.992984812285391,0.612065491281705,0.293595769038306,0.019946747818105,-0.220097348593047,-0.434293867023297,-0.628342946144596,-0.806510715590353,-0.971279795848102
0.0205999999999999,-1.79073303966454,2.5371529499741,1.52507678908135,1.03464975790967,0.637739468942193,0.305900308182959,0.0207633631279933,-0.229357983805854,-0.452546700805433,-0.65474222365112,-0.840389770189389,-1.01207616089276
0.0206999999999999,-1.85454576694717,2.64591876751257,1.59046467489958,1.07901323455057,0.665087606497462,0.319022714407434,0.0216621610692936,-0.239181668759613,-0.471938269141364,-0.682801694030474,-0.876407726984713,-1.05545409261299
0.0207999999999999,-1.91540070198953,2.75674241010806,1.65704707947421,1.12417428235747,0.69291184701986,0.33235225982743,0.0225368505424413,-0.249232466581564,-0.491738195861514,-0.711433831103477,-0.913149314721449,-1.09969533063385
0.0208999999999999,-1.97375782353355,2.86836010298681,1.72413429031626,1.16968611243578,0.72096235337263,0.345804096981542,0.0234445796235651,-0.259328416322523,-0.511652981506763,-0.740243905632687,-0.950126689136693,-1.14422581267055
0.0209999999999999,-2.03010334333682,2.98416650850555,1.79380403600936,1.21696954693752,0.750128489151135,0.359823434396206,0.024449031320781,-0.269740372583481,-0.532251907945484,-0.770071459458367,-0.988427443118727,-1.1903624724962
0.0210999999999999,-2.08463173736583,3.10324787078822,1.86539923076527,1.26554622690835,0.780076002400682,0.374195997446656,0.0254386744437911,-0.280490133096759,-0.553476956597404,-0.800786446774831,-1.02785566060797,-1.23784864002295
0.0211999999999999,-2.13749719041737,3.21836040101713,1.93459433180378,1.31249026226269,0.809011907401311,0.388076105817414,0.0263819054038091,-0.290895091094098,-0.57400814748521,-0.830491391012267,-1.0659835618723,-1.28376606921335
0.0212999999999999,-2.18912423031274,3.32954249848675,2.0014833017516,1.35788681302531,0.837014594685397,0.401536821778487,0.0273474372352973,-0.300890090473021,-0.593783330940777,-0.859126681080799,-1.10275369431093,-1.32805919673515
0.0213999999999999,-2.24025190498016,3.44845917004685,2.07300917217029,1.40642542536721,0.866949485282913,0.415918174327529,0.0283643644334829,-0.311596235433909,-0.61495012099499,-0.889770066612588,-1.14209798671747,-1.37544999787657
0.0214999999999999,-2.29184987400148,3.57751277496028,2.15059578453255,1.459065962625,0.899400836638172,0.431490298913765,0.029432843860867,-0.323250267216114,-0.637956695974514,-0.923061327960375,-1.18483218961973,-1.42691699042774
0.0215999999999999,-2.34457414978719,3.70690748055209,2.22844043182958,1.51189756873954,0.931989325293079,0.447154718814615,0.0305552589032096,-0.334883819337586,-0.660972519528168,-0.956388631487666,-1.22762690662336,-1.47846704872251
0.0216999999999999,-2.39836403490612,3.8286523721785,2.30169098228089,1.56161369151956,0.962659016675556,0.461900857385633,0.0316191119813818,-0.345821774692676,-0.682619784182264,-0.987737702055059,-1.26788360303679,-1.52696138989761
0.0217999999999999,-2.4531749812245,3.93864974040013,2.36778678941563,1.60644766306425,0.990285334324489,0.475140506478602,0.0324967608546125,-0.355788123626836,-0.702262523367121,-1.01614672845944,-1.30434152772417,-1.5708629509845
0.0218999999999999,-2.50941826437678,4.03352045145934,2.42482987607399,1.64515209288259,1.01414808415778,0.486594860490825,0.0332890991287444,-0.364348416161819,-0.719168332715629,-1.04061302980188,-1.33574951920933,-1.60869057538535
0.0219999999999999,-2.56723571632693,4.11375495532142,2.47310604522569,1.67791815620117,1.0343618126346,0.496314357848187,0.0339914504889238,-0.371555707916894,-0.733433459032372,-1.06127200501015,-1.36227894617058,-1.64064891009573
0.0220999999999999,-2.62648838651512,4.18356086874651,2.51503057420278,1.70635002363243,1.05187367911912,0.504696327225983,0.0345283264736687,-0.377900656207795,-0.745919293005597,-1.07932120428129,-1.38543628347515,-1.66853029454373
0.0221999999999999,-2.68676907233426,4.24434915569607,2.55155238982052,1.73112192261306,1.06713609679612,0.512008204010097,0.0350085438443154,-0.383413216902316,-0.756779382145659,-1.09502587851536,-1.40558909837681,-1.69279676587555
0.0222999999999999,-2.74730297179457,4.29662467412692,2.58296433454355,1.75242931439013,1.08026566160529,0.518300598655019,0.0354259798499027,-0.388149317674051,-0.766114121252346,-1.10852673479358,-1.42291513685785,-1.71366033958337
0.0223999999999999,-2.80767529476425,4.34528987237601,2.61216211933621,1.77222127133026,1.09244506061557,0.52411521822625,0.0357714061580902,-0.392601652167906,-0.774847731426188,-1.12113906560202,-1.43908888126975,-1.7331277530398
0.0224999999999999,-2.86740474953677,4.39755337578505,2.64353653699269,1.79349404857422,1.1055422164464,0.530376906166117,0.0361595001900594,-0.39736600816939,-0.784209827648622,-1.13466654448484,-1.45644094163601,-1.75401683879236
0.0225999999999999,-2.92552030482846,4.45843184154402,2.68013822769441,1.81832789145445,1.12085219444593,0.537724437816593,0.0366652254960246,-0.402861868282152,-0.795061014543964,-1.15036931427617,-1.47659821477965,-1.77829361384961
0.0226999999999999,-2.98125434022937,4.52125019077922,2.71788102461467,1.84392835047366,1.13662558305684,0.545281766657972,0.0371627468248159,-0.408557253299372,-0.806282505132858,-1.16659716820169,-1.49742274570853,-1.80336916616455
0.0227999999999999,-3.0337791262326,4.57448109442849,2.74983026409853,1.86558908291304,1.14995942656798,0.551653642956252,0.0375523114967855,-0.413415529880346,-0.815823657379859,-1.18038084813206,-1.51510185472542,-1.82465083032996
0.0228999999999999,-3.08219613448479,4.62207975212759,2.77846151082422,1.88501921046247,1.16194304311184,0.557411653159238,0.0379609556846295,-0.417699262764168,-0.824294453569249,-1.19264481955603,-1.53084851424733,-1.84361824130336
0.0229999999999999,-3.12621178160542,4.67116732363423,2.80795995205668,1.90502926924906,1.17427396520883,0.563322350929762,0.0383549696719813,-0.422144497763052,-0.83305787454107,-1.20532027754929,-1.54711586186309,-1.86320737157755
0.0230999999999999,-3.16586811037766,4.7212746784028,2.83804836925993,1.9254326298475,1.1868389025082,0.569333783802704,0.0387351217739568,-0.426704202644401,-0.842025594480233,-1.2182814743335,-1.56374377889053,-1.88322630914287
0.0231999999999999,-3.20109253328743,4.77556984806261,2.87075525012482,1.94764298715329,1.20055460973622,0.575947817448217,0.0392471805348608,-0.43154452388236,-0.85164179494774,-1.23222415023404,-1.58165867454535,-1.90481459793779
0.0232999999999999,-3.23166711561931,4.83708074124391,2.90776860408787,1.97276563266239,1.21605411497371,0.583402023907891,0.0397884905378613,-0.437067044555351,-0.862575110734865,-1.2480592176023,-1.60199423145815,-1.92931213715604
0.0233999999999999,-3.25764242601229,4.90363482471804,2.94775799362903,1.9998905532264,1.23276753838214,0.591410779073854,0.0403175986547905,-0.443099121045468,-0.874461913013102,-1.26525009057749,-1.62405512143658,-1.95587683108901
0.0234999999999999,-3.27956027039237,4.97467229881031,2.99050124709206,2.02890155952178,1.25066503571687,0.600016962535697,0.0409402429153536,-0.449479459616134,-0.887091064333144,-1.28354017781496,-1.64754274130829,-1.98417105171824
0.0235999999999999,-3.29797744977574,5.05127919595748,3.03661055401106,2.06020170392909,1.26998019816226,0.609312296524112,0.0416261115581049,-0.456345567890699,-0.900695821507983,-1.30324958518555,-1.67285703691033,-2.01466864194642
0.0236999999999999,-3.31336049748765,5.12986750408708,3.08386805513956,2.09226787329336,1.2897518757442,0.618805177915609,0.0422868678929768,-0.463432260973387,-0.914695689055828,-1.32351232439205,-1.69887004085948,-2.04599944894751
0.0237999999999999,-3.32595962571815,5.19909211888216,3.12551140755425,2.12052959944322,1.30718380492536,0.627182944618403,0.0428848377337726,-0.469658588882316,-0.927011409222471,-1.34134458174168,-1.72176727469948,-2.0735807113279
0.0238999999999999,-3.33604679996234,5.24936586153742,3.155791541788,2.14109072911802,1.31987949543943,0.633302972698304,0.0433548419465364,-0.474144548993947,-0.935919540629219,-1.35425877525805,-1.73835952077885,-2.09357431974942
0.0239999999999999,-3.34451450441665,5.283078077116,3.17604694919787,2.15482980065736,1.32834474948433,0.637358979142647,0.0436221184377486,-0.477200768558324,-0.941941409092914,-1.36296736615283,-1.74953497053005,-2.10703112791813
0.0240999999999999,-3.35219585038026,5.30965548336085,3.19200739120375,2.16565317405645,1.33501053676386,0.640548721356319,0.0438249764380249,-0.479618052487906,-0.946696738504405,-1.36984086344723,-1.75835331865593,-2.1176480921571
0.0241999999999999,-3.35949182091671,5.33303477513992,3.2060842182875,2.17521036745682,1.34091003773678,0.643390297545329,0.044039068805573,-0.481708695800215,-0.950843891841858,-1.3758510293023,-1.76607396801897,-2.12695055685242
0.0242999999999999,-3.36665472174144,5.34807337519448,3.21510934473731,2.18132884311196,1.34467604256605,0.64518943743787,0.0441481084175139,-0.483082260495016,-0.953540450961872,-1.3797461795834,-1.77106965036701,-2.13296403045717
0.0243999999999999,-3.37357944813377,5.35427917175963,3.21880728129841,2.18382784047045,1.34620455776922,0.645906424105967,0.0441676744614649,-0.483674587769051,-0.954678860401797,-1.38137939102034,-1.7731572471432,-2.13547189046121
0.0244999999999999,-3.38023533378284,5.35689663885491,3.22034898058774,2.18486420447393,1.34683178764518,0.646191447007328,0.0441585494141422,-0.483941853900986,-0.955176546236633,-1.38208590586432,-1.77405557708454,-2.13654765826716
0.0245999999999999,-3.38697442758496,5.35457445689482,3.218903972449,2.18386902684139,1.346200419018,0.645864013214108,0.0440921165349642,-0.483779516537218,-0.954810188352787,-1.38153484601893,-1.77333505105043,-2.13567048444582
0.0246999999999999,-3.39343343048022,5.34471717371007,3.21294031039096,2.17981150868623,1.3436853805617,0.644638394022143,0.0439743225865286,-0.482925669363051,-0.953089415585656,-1.37902879137652,-1.77010807668024,-2.1317768633191
0.0247999999999999,-3.3985975549105,5.32750809351332,3.2025770552101,2.17277510559441,1.33934135641558,0.642545260540703,0.0438152338793402,-0.481388288203586,-0.950038282173569,-1.37460633907055,-1.76442658220857,-2.12493103830323
0.0248999999999999,-3.40181889080654,5.29852750582378,3.18512886820718,2.16092935887332,1.33202961230552,0.639024064720745,0.0435510234487385,-0.478795582055496,-0.944896353453925,-1.36715504154585,-1.75485498611738,-2.1133986376166
0.0249999999999999,-3.40272165422012,5.25574318984573,3.15936123911374,2.14343283490804,1.32122677294867,0.633817285266703,0.0431525665049028,-0.47497637408312,-0.937313749689074,-1.35616315881321,-1.74073296652214,-2.09638195073199
0.0250999999999999,-3.4013045068847,5.21028634106197,3.13202313465577,2.12488173077874,1.30978705549027,0.628323018174048,0.0427669563510083,-0.470880735722236,-0.929219429142015,-1.34444631007132,-1.72569009684728,-2.07826320640621
0.0251999999999999,-3.39751561510744,5.17392822887904,3.11017735869663,2.11006373623416,1.30065679971043,0.623948071630687,0.0424780977838961,-0.467585256321797,-0.922725545757562,-1.33505484198782,-1.71363816473532,-2.06375087018241
0.0252999999999999,-3.39052289068593,5.14680663668803,3.09387211835128,2.09900109906741,1.29383707095383,0.620675639429555,0.0422537163433296,-0.465135905144092,-0.917890370761861,-1.32805826100407,-1.70465707649168,-2.05293451833675
0.0253999999999999,-3.37959414268648,5.12416641629643,3.0803003701504,2.0898049391102,1.28818232947452,0.617981895613614,0.0421043671409594,-0.463053182719116,-0.913815834295417,-1.32217916386759,-1.69712101603097,-2.04386604614603
0.0254999999999999,-3.36474268681999,5.10157977223218,3.06676078436963,2.08063058618829,1.2825410140441,0.615294570676761,0.0419554156830988,-0.460975344426062,-0.909750895193783,-1.31631393411093,-1.68960274360341,-2.03481898786255
0.0255999999999999,-3.34619792774777,5.08106657159588,3.05445085565586,2.07228542237153,1.27740469924677,0.612841128698667,0.0418073319963689,-0.459101099426255,-0.906072033866427,-1.31100014563195,-1.68278778293198,-2.02661571594002
0.0256999999999999,-3.32399719958722,5.06402539763353,3.04422980949799,2.06535796857201,1.2731429132849,0.610808094437498,0.0416894527792366,-0.457538928417659,-0.903010664659852,-1.306580534843,-1.67712103665879,-2.01979558813553
0.0257999999999999,-3.29790973536539,5.0406786241529,3.03022890324185,2.0558693126371,1.26730625632606,0.608024865802729,0.0415300265703683,-0.455396642896544,-0.89881443423623,-1.30052346855533,-1.66935534831729,-2.01044972091105
0.0258999999999999,-3.26775005052581,5.00609375260846,3.00950071826134,2.04182513826598,1.25867186025172,0.603913630224778,0.0413055693968923,-0.45221140757911,-0.8925865127227,-1.29153889828227,-1.65783958985735,-1.99659303434712
0.0259999999999999,-3.23364613265364,4.96281930179055,2.98351103506388,2.02419988949078,1.24781619196202,0.598717814312896,0.040973125060582,-0.448277633770191,-0.88484584654666,-1.28034935839723,-1.64348338243759,-1.97930826672667
0.0260999999999999,-3.19631830880812,4.91305270026337,2.95359022132474,2.00389899011942,1.23530080904471,0.592711528707963,0.0405598425277754,-0.443784772006728,-0.87597514024695,-1.26751260511422,-1.62700518436998,-1.95946247893863
0.0261999999999999,-3.15672467768687,4.86142375988904,2.92258048036846,1.98286855598086,1.22234690598956,0.586510170143689,0.0401607707303491,-0.439094005244453,-0.866742542442129,-1.2541653187485,-1.60987990248319,-1.93884327952059
0.0262999999999999,-3.11499252673277,4.81390731244343,2.89401865131104,1.96349156557251,1.21040335055989,0.580781382284459,0.0397721001965362,-0.43479833877108,-0.858266939724028,-1.24190294525997,-1.59414067258236,-1.91988866113238
0.0263999999999999,-3.07101789756577,4.76951425143314,2.86730921718466,1.94536371323965,1.19922058257669,0.575404976285422,0.0393848028896353,-0.430809294190797,-0.850372848872567,-1.2304711828285,-1.57946082722821,-1.90220503424848
0.0264999999999999,-3.02514262937116,4.71672708342898,2.83557158339261,1.92382988647195,1.1859448199231,0.569033381725185,0.0389456771417446,-0.426044501467301,-0.840964503992742,-1.21685607892008,-1.56198326954574,-1.88115550003637
0.0265999999999999,-2.97768926395598,4.65162482166797,2.79642575713552,1.89726846175454,1.1695680836973,0.561171552866651,0.0384003467804864,-0.420171866775053,-0.829365010253801,-1.20006843008477,-1.54043210341195,-1.85519906453244
0.0266999999999999,-2.92926963654684,4.57960001805389,2.7530739544816,1.86784004863739,1.15140779868012,0.552431781504485,0.0377550824365555,-0.41371686251148,-0.816574418632456,-1.18153832932367,-1.51663236397445,-1.82652606357229
0.0267999999999999,-2.88029738653118,4.50110702401452,2.70582929867704,1.83576916597873,1.13161697498257,0.542907479532826,0.0370522148458614,-0.406681820430658,-0.802634819640529,-1.16134378171065,-1.49069493428641,-1.79527772533749
0.0268999999999999,-2.83032621325016,4.41271297004968,2.65266991493449,1.79969669612656,1.10937308288351,0.532224929274132,0.0363038082185461,-0.398716117911578,-0.786893389287015,-1.13855807837429,-1.46144153455752,-1.76004305511519
0.0269999999999999,-2.77909446565658,4.31364895982913,2.59306584006675,1.759242621889,1.08441711975148,0.52022598610652,0.0354381623171615,-0.389815873329063,-0.769278962776276,-1.1130492769998,-1.42868458386717,-1.72058311976238
0.0270999999999999,-2.72692519899442,4.20975427152647,2.53056310922779,1.71682355453629,1.05825181677955,0.507649495052742,0.0345378599964795,-0.380474043849734,-0.750797978944507,-1.08628890571241,-1.39432254837753,-1.67919116229868
0.0271999999999999,-2.67429103142631,4.11110868505909,2.47125058813052,1.67657937391784,1.03343985873193,0.49573965768832,0.0337142764451108,-0.3715728574466,-0.733219208739662,-1.06084881179514,-1.36166455399408,-1.63985809692857
0.0272999999999999,-2.62162349961616,4.02206983762089,2.4176779361719,1.64021877333802,1.01100898314802,0.484954568596809,0.032935808076184,-0.363573733526456,-0.71738777028915,-1.03792190328838,-1.33222300450922,-1.60439190144899
0.0273999999999999,-2.56864176231833,3.93974839982903,2.36818609107238,1.60663967961443,0.990308285598097,0.475020888941274,0.0322537952132763,-0.356140241024217,-0.702712656236121,-1.01668633916901,-1.3049639280733,-1.57156230875665
0.0274999999999999,-2.51449993546046,3.86174942730613,2.32134226651636,1.57487211222604,0.970742375614161,0.465656438288374,0.0316552090713019,-0.34904928483188,-0.688760056897637,-0.996517397273092,-1.27908729804223,-1.54040716078977
0.0275999999999999,-2.459094971103,3.78117116878444,2.27291364419491,1.54201898803153,0.950494780298204,0.455947800586591,0.0310023243068884,-0.341758463222606,-0.674380877318879,-0.975716574979352,-1.25239037314206,-1.50825752458954
0.0276999999999999,-2.40299564845997,3.69131251161636,2.21890076031065,1.50537559999909,0.927908802450924,0.445114606899464,0.0302678603187625,-0.333634345736466,-0.658352052705205,-0.952526559762521,-1.22262524729482,-1.47241175130571
0.0277999999999999,-2.34658704943195,3.59771551143877,2.16268886895264,1.46725488279947,0.904429801646234,0.433877127773169,0.0295492202121094,-0.325125710397916,-0.641609602925225,-0.928324642398932,-1.19157423679614,-1.43502664248613
0.0278999999999999,-2.2898319089541,3.5057776240501,2.10746718582576,1.42980380822305,0.881360969268085,0.422832849052484,0.0288373251382039,-0.316773913962229,-0.625169978282885,-0.904557823388581,-1.16107978964824,-1.39831043822434
0.0279999999999999,-2.23226138686438,3.40927679567486,2.04945167558769,1.39044190873846,0.857095684111455,0.411189133829039,0.0280388222115297,-0.308059059471887,-0.607966169559744,-0.879663557600788,-1.12912448709872,-1.35982512008716
0.0280999999999999,-2.17350630925221,3.30574900258564,1.98728716507559,1.34828785023746,0.831136727508626,0.398770494261398,0.0272550819747796,-0.298636458171771,-0.589436072255292,-0.85288244613192,-1.09476747649826,-1.31846183751005
0.0281999999999999,-2.11390380529858,3.20312206893562,1.92565507048388,1.3064922501327,0.805395397282104,0.386451695144083,0.0264699437785365,-0.289304093994918,-0.571075506668456,-0.826342726233306,-1.06071785830217,-1.27746699845174
0.0282999999999999,-2.05425155084176,3.10765063074347,1.86822455956864,1.26751702814604,0.781356115746968,0.374899493340469,0.0256472827324385,-0.280714987379779,-0.554088176355734,-0.801747223410963,-1.02913695107529,-1.23942607117483
0.0283999999999999,-1.99462223567276,3.01810569242114,1.8144177810654,1.23101876290211,0.758865994214308,0.364121048407291,0.0249323019823505,-0.272602257612175,-0.538098244863313,-0.778620973782043,-0.999458385064829,-1.20368791135574
0.0284999999999999,-1.93408280612885,2.9262660715544,1.75924047666284,1.19359335831445,0.735807617067759,0.353074435851544,0.0242070364219664,-0.264273566492759,-0.521690446848183,-0.754893920733978,-0.969011029160109,-1.16702559489156
0.0285999999999999,-1.87202541466997,2.82512193494359,1.69840963687192,1.15231414439307,0.710351673891357,0.340847474568987,0.0233471353659411,-0.255162434887269,-0.503682024734529,-0.728825176817104,-0.935541712964098,-1.12671229807167
0.0286999999999999,-1.80860934503264,2.71382680509294,1.6314926991649,1.10691069647525,0.682359342206529,0.327411725383975,0.0224192543784651,-0.245118512610714,-0.483847765619038,-0.700121508921395,-0.898694564643475,-1.08233410592805
0.0287999999999999,-1.74435854691979,2.59451038404,1.55975733317732,1.05823925985674,0.652353832657722,0.313011904984114,0.0214287703600924,-0.234346416464263,-0.462579697762097,-0.669344761401024,-0.859187377014133,-1.03475305086268
0.0288999999999999,-1.67984287252555,2.47197925456229,1.48605237386725,1.00822035225531,0.62150415919808,0.29818853936765,0.0203760426074481,-0.223319767038091,-0.440774479758701,-0.637774945241401,-0.818652237533249,-0.98592688069504
0.0289999999999999,-1.61463085302671,2.35189661453736,1.41379720727519,0.959178376963337,0.591248614700924,0.283639154933731,0.0193221339734687,-0.212535750002177,-0.419427398537317,-0.606858557263563,-0.778949888160719,-0.938099407262171
0.0290999999999999,-1.54795692123323,2.23615764186116,1.34420483884327,0.911958567714461,0.562135158774053,0.269663518670094,0.01835378747266,-0.202094217481462,-0.398804634688756,-0.577012268881639,-0.740634995275705,-0.89195280301789
0.0291999999999999,-1.48028092253659,2.12247010440137,1.27581889041563,0.865549159515706,0.533511466010656,0.255909449589883,0.0173764711166339,-0.191863978511983,-0.378573765301309,-0.547721558193151,-0.703026032139073,-0.846651213985746
0.0292999999999999,-1.41234906194295,2.01512492499227,1.21122179763345,0.821703098704733,0.506459179911457,0.242897359374011,0.0164283613865146,-0.182229860454235,-0.359497065766885,-0.520090637470697,-0.66754115557995,-0.803903127358813
0.0293999999999999,-1.34461767698487,1.92404423420429,1.1564763991411,0.784563373075045,0.483568016466711,0.231918803403986,0.0156858719128422,-0.173993289534535,-0.343248276923128,-0.496583254378661,-0.637369224891975,-0.767567835063197
0.0294999999999999,-1.27729082131017,1.84321231651949,1.10784677943922,0.751559228130016,0.463209604525564,0.222132735093811,0.0149840870277918,-0.166726517941803,-0.328871087734796,-0.475764564478642,-0.610636317568189,-0.735365537080271
0.0295999999999999,-1.20988944443539,1.75861047129744,1.0569500630182,0.71701672608194,0.441902610870909,0.211891165537661,0.0142504832101863,-0.159119915967149,-0.313822439767037,-0.453973983079151,-0.582655676312622,-0.701660408279234
0.0296999999999999,-1.14222564770876,1.66899475043677,1.00311772072086,0.680506248503043,0.41941116751048,0.201120583256572,0.013551311894492,-0.150984344002124,-0.297803350457533,-0.430812809718738,-0.552936851256374,-0.66587702971591
0.0297999999999999,-1.07527517654251,1.57798839029852,0.948427000856024,0.643406638843156,0.396548384267811,0.190160642481344,0.0128190792342566,-0.142744811795068,-0.28155808665593,-0.407314801785907,-0.522779642753475,-0.629561389442498
0.0298999999999999,-1.01032759053784,1.48934568979117,0.895131592831322,0.607245946014031,0.374255022756231,0.179461085777744,0.0120816038097234,-0.134743622298314,-0.265759225921826,-0.384451753585843,-0.493430580840587,-0.59421409695985
0.0299999999999999,-0.948006893948077,1.4065234596724,0.845380456575859,0.573503550794478,0.353468918427657,0.169507318807605,0.011435765113423,-0.127224451183506,-0.250954160744145,-0.363046021147453,-0.46596430885995,-0.561143003096543
0.0300999999999999,-0.888178760317588,1.32890008129215,0.798781539101926,0.541907916193458,0.334015977731749,0.160206630148605,0.0108587208524798,-0.120148918760278,-0.23704992520392,-0.342955234760311,-0.440193141321404,-0.530118542190225
0.0301999999999999,-0.830603564833638,1.25496492018808,0.75435105862596,0.511768738063805,0.315443033661673,0.15130375853842,0.0102650178901899,-0.113453798859626,-0.223850802336919,-0.323863846551497,-0.415691690728459,-0.500613861562123
0.0302999999999999,-0.775744898021487,1.18290669610545,0.711065323277178,0.482411174859347,0.297357900205034,0.142643137987413,0.00970261928545695,-0.106912356281389,-0.210970380924618,-0.305240618572348,-0.391795587045775,-0.471841372828276
0.0303999999999999,-0.724527938660409,1.11153474717513,0.668229280638382,0.453369924828244,0.279481319740127,0.134101150712544,0.0091817094930721,-0.100396960384232,-0.198176181738972,-0.286758031174417,-0.3680899982419,-0.443305466536746
0.0304999999999999,-0.677300712764131,1.04077241559243,0.625687844470634,0.424506841976848,0.261688310955058,0.12556331213504,0.00859647098927661,-0.0940062230680792,-0.185560644532413,-0.268503217134937,-0.344657449472259,-0.415084571121794
0.0305999999999999,-0.633326651308533,0.967066673049386,0.581370558922986,0.394436993665239,0.243149072375886,0.116664246564306,0.00798080271419999,-0.0873557650464331,-0.172426494569756,-0.24949526690768,-0.320256450800344,-0.3856961141264
0.0306999999999999,-0.591639466924523,0.879808065729336,0.528945552099206,0.358878411177945,0.221240881436778,0.106168666339185,0.00729173470065553,-0.0794424929199761,-0.156837105971219,-0.22695171180246,-0.291327805243261,-0.35086251363013
0.0307999999999999,-0.551978989479469,0.777115225390072,0.46720209169561,0.316985581903591,0.195413404110548,0.0937726498790507,0.00643682021848787,-0.0701736391238196,-0.138534629107413,-0.200465356269692,-0.257327388144008,-0.309913133694462
0.0308999999999999,-0.514478016623041,0.673375972567966,0.404818980779807,0.274655579185127,0.169312567907389,0.0812401828500885,0.00556306089884641,-0.0608205055516964,-0.120055877309103,-0.17371941155323,-0.222990912074786,-0.268556991788159
0.0309999999999999,-0.479336482399343,0.57762360344397,0.347238517335044,0.235584339831504,0.145221014200265,0.0696723707360731,0.00475635285059531,-0.0521876897896448,-0.10300002573884,-0.149032859811379,-0.191298225977726,-0.230385086108925
0.0310999999999999,-0.446278410957529,0.488704011125517,0.293747338410667,0.199281969891015,0.122829607792,0.0589111109589135,0.00398830669539498,-0.0441898686680509,-0.0871803294385097,-0.126127125318821,-0.161886486654082,-0.19495667271485
0.0311999999999999,-0.413942495877988,0.406139941499309,0.244074242405778,0.165569214915601,0.102033586922638,0.048913995093728,0.00327014256319002,-0.0367687221355237,-0.072496403032748,-0.104863673125784,-0.13458209368743,-0.162065699093531
0.0312999999999999,-0.381380214446311,0.331979968055131,0.199456351565346,0.135287100081062,0.0833534378592046,0.0399335477729987,0.00262415422580471,-0.0301038934291193,-0.0593080690041266,-0.0857655422897362,-0.110057930898114,-0.132523616489784
0.0313999999999999,-0.348937320787228,0.2657600443633,0.159634041572975,0.108265324365511,0.066691246938687,0.0319324655066971,0.00206518067555782,-0.0241347339606011,-0.0475137562288583,-0.0686940379106245,-0.0881411709194892,-0.106126002790325
0.0314999999999999,-0.316910364672827,0.206544585524709,0.12399762492778,0.0840759682625731,0.0517659656711835,0.0247522709734061,0.00153991245883369,-0.0188224725578114,-0.0369926397837839,-0.0534541228387272,-0.0685687530328361,-0.0825469605969293
0.0315999999999999,-0.285168582013866,0.155077157711675,0.0930303761568871,0.0630578691738111,0.0387997179157976,0.0185176788062797,0.00108948152343248,-0.0141991634737808,-0.0278419937386061,-0.0402020615380229,-0.0515510159374102,-0.0620467815547882
0.0316999999999999,-0.253134248261733,0.107525831662865,0.0644384844963734,0.0436577352590597,0.0268385732034371,0.0127759027707574,0.000691746962629054,-0.00990915191357441,-0.0193690254040863,-0.0279396097680321,-0.0358092392158668,-0.0430873471664913
0.0317999999999999,-0.220166441930905,0.0612489116900052,0.036577008386915,0.0247423702050721,0.0151632134033148,0.00715338337952862,0.000270062377881476,-0.00576884065664447,-0.0111580512691896,-0.0160409767203105,-0.0205248588895622,-0.0246719033030901
0.0318999999999999,-0.186981917373547,0.0196927921061422,0.0116121766373233,0.00780997900508574,0.00473167465150257,0.0021569878019986,-5.60717851631513e-05,-0.0019981816431311,-0.00373170045576848,-0.00530275177224228,-0.00674577326759004,-0.00808061546881892
0.0319999999999999,-0.155013649847628,0.00913278870059463,-0.00569169691986089,-0.00392241252408883,-0.00249151343637747,-0.00129614637956687,-0.000269665312393187,0.000630025224738286,0.00143236132750011,0.00215870204983449,0.00282510688214055,0.00344109178073375
0.0320999999999999,-0.124967470330174,0.0171304412354373,-0.0104870814871305,-0.0071720988363631,-0.00449018194441279,-0.00224883811842528,-0.000323549695786407,0.00136461585330526,0.00287055367846422,0.00423434644048755,0.00548606244905316,0.00664335974830683
0.0321999999999999,-0.0970634890950685,0.0101039622468945,-0.0062307632218828,-0.0042746231614797,-0.00269227521617529,-0.00137007944138783,-0.000234474697016848,0.000761101678405452,0.00164910443623259,0.00245317070553344,0.00319104859845564,0.00387319902501175
0.0322999999999999,-0.0714455955172165,0.00132109657238618,-0.000928211656667008,-0.000670235035392597,-0.000462121380648123,-0.000288753761965776,-0.000140218993178144,-1.04132144924617e-05,0.000105098414390927,0.000209394842257538,0.000304829460976324,0.000392884915719169
0.0323999999999999,-0.0485195739188929,0.00829956807044706,0.00492129641599026,0.00331832039483285,0.00202066880505959,0.000935443769390714,2.73221005809407e-06,-0.00081568590341973,-0.00154613781716314,-0.00220805960192384,-0.00281597298475737,-0.0033782716544568
0.0324999999999999,-0.0293336566770495,0.0201864405615891,0.0120890249041996,0.00818789894812602,0.00503043141184105,0.00239040187976612,0.000121778051046582,-0.00186841647453779,-0.00364441665981932,-0.00525348325263681,-0.00673097089087872,-0.0080974156573895
0.0325999999999999,-0.0151293465322781,0.0274480186401644,0.0164703218837532,0.0111652272377865,0.00687158775756099,0.00328173163119368,0.00019701038340796,-0.00250900289603911,-0.00492370501723475,-0.0071113542944201,-0.00912003274524738,-0.0109776967564112
0.0326999999999999,-0.00622566059598368,0.0264867598594452,0.0159392402202722,0.0108190453070713,0.00667528184791862,0.00321094892800396,0.000234236126315352,-0.00237686221619934,-0.00470675925384344,-0.00681745822891169,-0.00875537049380287,-0.010547519639173
0.0327999999999999,-0.00204699432113531,0.0181821520030626,0.0109370196461585,0.00742229158741856,0.00457780590933551,0.00219969340654778,0.000156295643616953,-0.00163613897056708,-0.00323554899432826,-0.00468449776922813,-0.00601484357372555,-0.00724513235690414
0.0328999999999999,-0.00243535801960618,0.00294331432147709,0.00176594662150159,0.00119707306281909,0.000736658395868587,0.000351710727242875,2.09290529806208e-05,-0.000269243647646088,-0.000528178792287647,-0.000762766968995079,-0.000978164064416057,-0.0011773676999755
0.0329999999999999,-0.00782771629903658,0.0142876644346854,-0.00859365887900412,-0.00583177475222023,-0.00359656550442352,-0.0017278309227874,-0.000122114766195472,0.00128639546036184,0.00254322705959172,0.00368182668275971,0.00472722858106531,0.00569400555568131
0.0330999999999999,-0.0184896014272649,0.0246511694927413,-0.0148221100033707,-0.0100569992908445,-0.00620054220332342,-0.00297634910877895,-0.000205934966297422,0.00222424888658565,0.00439274450875986,0.00635725946154726,0.00816098507405709,0.00982905948937061
0.0331999999999999,-0.0342307743441486,0.0249785480155474,-0.0150596006413836,-0.0102304157268671,-0.00632230601077615,-0.00305511875168827,-0.000247892922650088,0.00221443376336218,0.00441151494951727,0.00640182042144489,0.00822912685796508,0.00991894737416381
0.0332999999999999,-0.0539529535931672,0.0220101284051181,-0.013328563485603,-0.00907213140610321,-0.00562782604897534,-0.00274865421154798,-0.000275007700202561,0.00189451005890652,0.00383018558661755,0.00558353419475187,0.00719314714325812,0.0086815649195151
0.0333999999999999,-0.0761363729743072,0.0234343298941741,-0.0141818478182631,-0.009650174707713,-0.00598309845995837,-0.00291766462961977,-0.000283961122227181,0.00202596839475724,0.00408694300364431,0.00595381233630415,0.0076676621149915,0.00925248207591101
0.0334999999999999,-0.10031926579457,0.0288195264467427,-0.0174621368760766,-0.0118886728162924,-0.00737867522540437,-0.0036087143585238,-0.000369777040597179,0.00247090432941869,0.00500537813438375,0.00730109624276162,0.00940859201340592,0.0113573895706661
0.0335999999999999,-0.126500794661822,0.0302351800528152,-0.0183445458124949,-0.0124968258986954,-0.00776502614033547,-0.00380977338617933,-0.000411723410506135,0.00256841653391267,0.00522725791002137,0.00763556339103834,0.00984635572608464,0.0118906342403204
0.0336999999999999,-0.154180164853308,0.0239334386722003,-0.0145491388471268,-0.00991967898539081,-0.00617379895292272,-0.00304279532399563,-0.000352967640737516,0.0020059487690809,0.00411047646829642,0.00601662661265231,0.00776637883567297,0.00938429982507347
0.0337999999999999,-0.182687937794158,0.0148781862261622,-0.00914859606480721,-0.0062686715182606,-0.0039389307140072,-0.00199209748225148,-0.000319920557497091,0.00114616039896129,0.00245389106415345,0.00363808003560528,0.00472485399475068,0.00572959016135498
0.0338999999999999,-0.210997442070174,0.000182261657848387,-0.000333601747222079,-0.000294008633662436,-0.000263086120006387,-0.000238280717095413,-0.000217690645921402,-0.000200445243705524,-0.000185586219719839,-0.00017270982042262,-0.000161431950057933,-0.000151340089373692
0.0339999999999999,-0.238469740370627,0.0299032896191767,0.0177638546907353,0.0119877106111948,0.00731193133033885,0.00340173251643314,4.11634003578164e-05,-0.00290748704803214,-0.00553913042998869,-0.00792379146164928,-0.0101138012128239,-0.0121394349284415
0.0340999999999999,-0.265757606538291,0.0787336433640339,0.0471237387133229,0.0319086192967098,0.0195937695956897,0.00929691916400134,0.000448565938592757,-0.00731392429314924,-0.0142410425235022,-0.0205171237452171,-0.0262800545635919,-0.031609904650711
0.0342,-0.293395731290823,0.144897583354128,0.0869142489870637,0.0589093807823749,0.0362436844162004,0.0172930395537331,0.00100886843706109,-0.0132762297728575,-0.0260235668198773,-0.0375723644594365,-0.0481764374445285,-0.057983334367064
0.0343,-0.321094855282427,0.226388900478047,0.135950732441628,0.0921927243271034,0.0567780260752675,0.0271687481263769,0.00172618223662108,-0.0205924444719777,-0.0405081502493113,-0.0585509214188654,-0.0751173646654571,-0.0904381680364187
0.0344,-0.348519567633647,0.313540453783606,0.188378197104003,0.127773157216197,0.0787240963367185,0.0377159211131233,0.00247884242884813,-0.0284313551961362,-0.0560134099646515,-0.0810013244569606,-0.103944411016538,-0.125162256679603
0.0345,-0.375657735628018,0.395621269288533,0.237707960277731,0.161237020514685,0.0993473938478223,0.0476037474815475,0.00314205255168927,-0.0358599853193802,-0.0706625859599558,-0.10219190277159,-0.131141055207613,-0.157913309010803
0.0346,-0.403365938525195,0.475756787901441,0.285944980920168,0.193982672741428,0.119555977528773,0.0573309586734424,0.00386323247595211,-0.0430386245641968,-0.0848902455549959,-0.122805372976714,-0.157617547270124,-0.189811806981274
0.0347,-0.433023226034233,0.559241952905013,0.336205616255744,0.228104261506796,0.140616372435296,0.0674718305249723,0.00462161952393505,-0.050510243721131,-0.0997054941498242,-0.144273303753207,-0.185193505640201,-0.223036336649269
0.0348,-0.465341601537302,0.64472487651952,0.387565726762597,0.262941136137026,0.162080615642841,0.0777556975068956,0.00529853264255129,-0.0582606097337269,-0.114975760069199,-0.166356206957434,-0.213531547043972,-0.257159149756923
0.0349,-0.500312888455189,0.728622928749294,0.438036096670187,0.297193397788694,0.183207505216957,0.0879092276704578,0.00602319413883002,-0.0658067823101154,-0.129902084538403,-0.187968401146263,-0.241282333731314,-0.290586832079106
0.035,-0.538100338866904,0.809094481214863,0.486447846690111,0.330049355425559,0.203474118609851,0.0976506357160132,0.00672081886140441,-0.0730421920583422,-0.144216217788489,-0.208695325446511,-0.267897118485502,-0.322646634524751
0.0351,-0.579454019797411,0.892575774688412,0.536589727573175,0.364055204998639,0.224420632178063,0.107678635130657,0.00736682400295967,-0.0806261869519903,-0.159144111735369,-0.230276449821938,-0.295587056894351,-0.355986047115237
0.0352,-0.62499894244654,0.983419208754598,0.591193918847654,0.401099557301513,0.247253523422931,0.118629944094,0.00810872980414197,-0.0888399474141394,-0.175349211705243,-0.253721225779201,-0.325679007063349,-0.392225289906943
0.0353,-0.674884737926633,1.07274419219023,0.644898542161983,0.437537598966187,0.26971750766096,0.129410890314439,0.00885091707474302,-0.0969036897984644,-0.191270649246252,-0.276761231197383,-0.355254958229845,-0.427845650028249
0.0354,-0.72877904111185,1.15287303311261,0.693028072806501,0.470179066713646,0.289824064417592,0.139037394605066,0.00947218983147739,-0.104181911629975,-0.20559784631406,-0.297474468180752,-0.381831679184156,-0.459844960306108
0.0355,-0.785764953641847,1.22333603682315,0.735321133122902,0.498852966013068,0.307475452473755,0.147473057581242,0.0099889251688941,-0.110611864097078,-0.218226626088958,-0.315719173918867,-0.405232846271442,-0.488014903700248
0.0356,-0.845432756327736,1.284880587278,0.772301703302486,0.523937354080981,0.322932005137749,0.154880138196946,0.0104793520084068,-0.116188756967755,-0.229217552690904,-0.331614924516232,-0.425632036269022,-0.512578883975512
0.0357,-0.908031396871838,1.34127163557922,0.806181549451126,0.546917238416533,0.337090295946675,0.161663006312072,0.0109247420895208,-0.12130264602644,-0.239292146840251,-0.346183661984785,-0.444327150377205,-0.53509008612809
0.0358,-0.973161301594482,1.4026078943055,0.843000689575968,0.571881164187033,0.352459360934456,0.169009998495534,0.0113785065285718,-0.126895784012427,-0.250281185373847,-0.362061191529617,-0.464693211128198,-0.559607204729529
0.0359,-1.04008434369219,1.47414790909846,0.886017074330539,0.601068725144198,0.370455107149506,0.177648827498304,0.0119773322697163,-0.133349576661764,-0.263028150058687,-0.380509354545736,-0.48837594442934,-0.588130834767925
0.036,-1.10821764461431,1.5508164518317,0.932083281012609,0.632315414000454,0.389708032338039,0.186874207459062,0.0125863570309098,-0.14029886456907,-0.276721929803787,-0.400313287121123,-0.513790012403468,-0.618733170819089
0.0361,-1.17667543979013,1.63375139826484,0.981895231298821,0.666096970508507,0.410515739335449,0.196834864665404,0.0132264216882029,-0.147834944069617,-0.291553855185108,-0.421754913629232,-0.541300489846668,-0.651856166966018
0.0362,-1.24500230544918,1.72926006567284,1.03936521279389,0.705104133941753,0.434580954377523,0.208408056919325,0.0140658810562525,-0.156410867422764,-0.308531187643177,-0.44634325975625,-0.572876807457786,-0.689894852878952
0.0363,-1.3132424877274,1.83648719462742,1.10384734614815,0.74885891095689,0.461560897627415,0.22136343424994,0.0149705659032527,-0.166076914446565,-0.327629662058999,-0.473986871254419,-0.60836614111676,-0.73263984847927
0.0364,-1.38081384883364,1.94729668570839,1.17046400324852,0.794056114211812,0.489423047570268,0.234732555433401,0.0158864011951144,-0.17608503343892,-0.347385440970051,-0.502573418067783,-0.645060710238402,-0.776832682459869
0.0365,-1.44701159847657,2.05368434867041,1.23446557376637,0.83749212759651,0.516215294079598,0.247609927654097,0.0168074125460588,-0.185651918958879,-0.366310781607315,-0.529976818602027,-0.680248187000066,-0.819218774904039
0.0366,-1.51151492218464,2.15544138449058,1.29567748537933,0.879033694554681,0.541837572648698,0.259923007409242,0.0176845456089004,-0.194806199460377,-0.384416201894831,-0.556191311838228,-0.713907983017779,-0.85976389911125
0.0367,-1.57428695212269,2.25920278358472,1.35806592866016,0.921364904173353,0.567936237029096,0.272450440504432,0.018550785893695,-0.204169061059746,-0.4029066717086,-0.582950798214523,-0.748259694542052,-0.901136854924564
0.0368,-1.63586585527784,2.36932302546933,1.42429275758071,0.96630503326116,0.595648875163802,0.28576009246611,0.0194846013122355,-0.214091172400784,-0.422515682686804,-0.611335468031003,-0.784701728297277,-0.945030267888614
0.0369,-1.69670641043831,2.48520418198539,1.49404388907065,1.01365469456656,0.624869151696859,0.299823636464091,0.0205248413760388,-0.224474591939992,-0.443092457064427,-0.641146558734079,-0.822991153877964,-0.991160292914745
0.037,-1.75670134077188,2.60775563565492,1.56773102376063,1.06365243384149,0.655694800429527,0.314620448781322,0.0215487460055607,-0.235532165007803,-0.464930544036529,-0.672751084649672,-0.863562766287229,-1.04002461189429
0.0371,-1.81579461194569,2.73268069863375,1.64282212307763,1.11459576745303,0.687094963140534,0.329681424546237,0.022570067783969,-0.2468263931287,-0.487214207669916,-0.704990517156562,-0.904943175628258,-1.08985857555612
0.0372,-1.87426165225945,2.85236290338005,1.71480981304019,1.16344819086448,0.717223887528675,0.344156678151932,0.0235948611001731,-0.257600135539457,-0.508515929035658,-0.735829830086913,-0.944539395477553,-1.13755309033986
0.0373,-1.93255349946183,2.96895842199467,1.78488644941142,1.21098729508242,0.746522970132152,0.35820604386422,0.0245406890366418,-0.268148726587171,-0.529321260566542,-0.765927172790084,-0.983168298671856,-1.18407197258325
0.0374,-1.99102303422283,3.08385298723822,1.85394285733767,1.25783491899167,0.775396644509596,0.372052462802554,0.0254747301280709,-0.278541411460881,-0.54982104457193,-0.795583396152166,-1.02123160072973,-1.22991012990055
0.0375,-2.04978391308881,3.18721449822137,1.91606637491551,1.29997897862582,0.801370981180239,0.384507976312709,0.0263140037871683,-0.287891896518265,-0.568264089101097,-0.822263769306117,-1.05547516417722,-1.27114812330585
0.0376000000000001,-2.10864588332766,3.27361615421052,1.96796724041201,1.33517924272899,0.823055011671034,0.394891517393727,0.0269873450968507,-0.295736443233938,-0.583709415168247,-0.844595034567284,-1.08412889835402,-1.30564891379851
0.0377000000000001,-2.16738192950278,3.35131212998592,2.01462623398806,1.36682060043219,0.842542141594383,0.404216829174461,0.0275808458235956,-0.302802623079182,-0.597610598240705,-0.864688433087163,-1.10990783906204,-1.33668589599787
0.0378000000000001,-2.22645741481274,3.4311328443739,2.06255458427943,1.39932075899322,0.86255576396579,0.413790768462709,0.0281841898597601,-0.310068448941579,-0.61189837768791,-0.885337814150417,-1.1363983046804,-1.36857826009447
0.0379000000000001,-2.28627569293348,3.51841230231821,2.11500240204266,1.43489792192059,0.884479162950958,0.424298785278594,0.028883346281673,-0.317973655039225,-0.627481480584473,-0.907876669587437,-1.16532368181228,-1.40340990027555
0.0380000000000001,-2.34640544443265,3.61050948820203,2.17033110323385,1.47242500313508,0.907598960283728,0.43537314537501,0.0296074146692961,-0.326328946031148,-0.643938553946745,-0.931673549538234,-1.19585974253291,-1.44017838496818
0.0381000000000001,-2.40638658221998,3.70355666821921,2.22623951378521,1.51034799276797,0.930965956422911,0.44657041527776,0.0303476240152226,-0.334761721822289,-0.66055663592004,-0.955707083000807,-1.22670188969814,-1.477317154434
0.0382000000000001,-2.46593226940692,3.79686094678865,2.28232194611796,1.54839492820736,0.954416468550194,0.457817490666114,0.0311087356517262,-0.343198878162853,-0.677201612837911,-0.979787857229294,-1.25760991095739,-1.51453900067069
0.0383000000000001,-2.524950565054,3.88904198038737,2.33770639289959,1.5859614433337,0.977562525236168,0.468907120439941,0.0318386479793399,-0.351556573975297,-0.693668438938896,-1.00360113273413,-1.28816845339493,-1.55133558748778
0.0384000000000001,-2.58364195626628,3.97880590698531,2.39169470808558,1.62259794358246,1.00015608669478,0.479760147998927,0.0326035766847001,-0.359640783464849,-0.709648852612733,-1.02673494932959,-1.31787015158652,-1.58711119889973
0.0385000000000001,-2.64160438958712,4.06576693893972,2.44401146060232,1.65810441757631,1.02205796210207,0.490288028344684,0.033358354089889,-0.367458782432454,-0.725116420788912,-1.04913244940965,-1.34663031922286,-1.6217554783374
0.0386000000000001,-2.69812702623935,4.14870177073595,2.4938803492801,1.6919418246729,1.04292092449877,0.500303709882606,0.0340534288214816,-0.374939656698493,-0.739892832080293,-1.07051813317736,-1.37408432175834,-1.65482142145585
0.0387000000000001,-2.75328668578377,4.22409954081891,2.53923386353354,1.72272046290222,1.06190404747317,0.509425273602854,0.0347014282712477,-0.38172452771726,-0.753310139227177,-1.08994394384211,-1.39902681324046,-1.68486567728538
0.0388000000000001,-2.80730141152906,4.29785446697484,2.5835925929164,1.7528220166429,1.08046716946629,0.518341738490904,0.0353289627266654,-0.388367929935768,-0.766441497718889,-1.10895293480848,-1.42343234234557,-1.71426187405844
0.0389000000000001,-2.86005425766536,4.38311942970394,2.63490585302065,1.78765253356725,1.1019582473914,0.528680584433754,0.0360853101848913,-0.396017102819238,-0.781590955783094,-1.13089704064238,-1.45161486452604,-1.74821357668329
0.0390000000000001,-2.91135876153436,4.47668974597736,2.69119974178341,1.8258584972888,1.12552561472321,0.540009496968363,0.0368983358853996,-0.404428405784744,-0.798233212050803,-1.15499591649934,-1.4825599802565,-1.78549000419395
0.0391000000000001,-2.9607712221333,4.56612892289067,2.74499894359815,1.86236853905492,1.14804345576397,0.550829252452393,0.0376664864817053,-0.412477358781131,-0.814149769661573,-1.1780399516369,-1.51214807855414,-1.82112997929251
0.0392000000000001,-3.00783971437638,4.64733535820299,2.7938754324113,1.89554673610398,1.1685170966575,0.560681471958547,0.0383923221914185,-0.419756930657856,-0.828572590789771,-1.19893396019524,-1.53898350877725,-1.85345992579169
0.0393000000000001,-3.05253675871757,4.72034129858097,2.83776327254857,1.92532258074717,1.1868719026916,0.569487671434229,0.0389937755525879,-0.426352643034741,-0.841590480886595,-1.21776994534691,-1.56316141754441,-1.8825780260324
0.0394000000000001,-3.0949855796669,4.78452417414701,2.87634078566088,1.95149371313847,1.20300234322978,0.577223520556963,0.0395164584985185,-0.432157339404827,-0.853041241713808,-1.23433570716315,-1.58442356769345,-1.90818338848614
0.0395000000000001,-3.13500428809418,4.83877208236957,2.90897214924326,1.97363860593937,1.21666048615657,0.583786374651569,0.0399826715947001,-0.43703899904454,-0.862694869973018,-1.24831239107885,-1.60236944599837,-1.92979993312631
0.0396000000000001,-3.17214150779074,4.88284963093011,2.93547724603196,1.9916233948109,1.2277497071313,0.589110563506786,0.0403532174921357,-0.441013738078576,-0.870546977178853,-1.25967713351391,-1.61695931971591,-1.94737238489816
0.0397000000000001,-3.2062349806548,4.91889329752736,2.95711006947225,2.00628968471847,1.23677770738247,0.593424484802723,0.0406164010540068,-0.444303970557509,-0.877008077904982,-1.26901093572885,-1.62893079743107,-1.9617832280551
0.0398000000000001,-3.23747749498392,4.95194315516928,2.97692949273999,2.01972154150482,1.24503977244948,0.597364096689062,0.0408417398420883,-0.44733695232822,-0.882948640484286,-1.27758571335591,-1.63992431581563,-1.97501366242929
0.0399000000000001,-3.26600042914415,4.9867029746358,2.99780822128629,2.03388155870144,1.25376215452943,0.601540240607988,0.0411114222961665,-0.450494062970944,-0.88916358932494,-1.2865709192619,-1.65145309415448,-1.9888947533495
0.0400000000000001,-3.29176350471586,5.02789004800865,3.02251097020457,2.05062398671743,1.26406189630291,0.606453281209281,0.041395695760202,-0.45427033064022,-0.896563295419409,-1.29725338497066,-1.66514978664885,-2.00537907780409
