mesh,mode,geometry,radius_m,curvature_1pm,load_case,load_value,load_unit,w_center_mm,electric_span,magnetic_span,theta_span_K,center_node_id,center_coord_1,center_coord_2,center_coord_3,case_file,status,abs_w_ratio_to_flat,electric_ratio_to_flat,magnetic_ratio_to_flat
10,U,flat,Inf,0,elastic,-15000,Pa,-2.12849830358636,333.883435546892,0.13145992724773,2.2275480252387,171,0.15,0.15,0,G:\fg-meet-workbench\cases\validation_mesh\Thermal_CFFF_U_Vf0.6-10x10-10layer.txt,completed_pilot_corrected_pyro,1,1,1
10,U,flat,Inf,0,electro,300,V,-0.0522383070440412,33.7051165720541,0.0132707157669588,0.22486819610425,171,0.15,0.15,0,G:\fg-meet-workbench\cases\validation_mesh\Thermal_CFFF_U_Vf0.6-10x10-10layer.txt,completed_pilot_corrected_pyro,1,1,1
10,U,flat,Inf,0,magneto,200,A,0.174522978746455,112.605436049039,0.0443361390673918,0.751262237047845,171,0.15,0.15,0,G:\fg-meet-workbench\cases\validation_mesh\Thermal_CFFF_U_Vf0.6-10x10-10layer.txt,completed_pilot_corrected_pyro,1,1,1
10,U,cylinder,1,1,elastic,-15000,Pa,-2.06989767958979,345.424322821089,0.136001580390083,2.30453887918342,171,0.15,0.15,1,G:\fg-meet-workbench\cases\curvature_fg\10x10\Thermal_CFFF_U_Vf0.6_R1m-10x10-10layer.txt,completed_pilot_corrected_pyro,0.972468559689321,1.03456561795374,1.034547814208
10,U,cylinder,1,1,electro,300,V,-0.0594304992827415,31.3646045855774,0.0123491825109115,0.209253148698812,171,0.15,0.15,1,G:\fg-meet-workbench\cases\curvature_fg\10x10\Thermal_CFFF_U_Vf0.6_R1m-10x10-10layer.txt,completed_pilot_corrected_pyro,1.1376804235374,0.930559148743091,0.930558888289829
10,U,cylinder,1,1,magneto,200,A,0.198551376377525,104.786018713672,0.0412573882816288,0.699093919568534,171,0.15,0.15,1,G:\fg-meet-workbench\cases\curvature_fg\10x10\Thermal_CFFF_U_Vf0.6_R1m-10x10-10layer.txt,completed_pilot_corrected_pyro,1.13768042353883,0.930559148743394,0.930558888290131
10,U,cylinder,0.4,2.5,elastic,-15000,Pa,-1.96038603166568,346.623194973928,0.136464061049065,2.31251397212067,171,0.15,0.375,0.4,G:\fg-meet-workbench\cases\curvature_fg\10x10\Thermal_CFFF_U_Vf0.6_R0.4m-10x10-10layer.txt,completed_pilot_corrected_pyro,0.921018366969132,1.03815630867152,1.03806584946533
10,U,cylinder,0.4,2.5,electro,300,V,-0.0629773996387818,29.6008402790505,0.0116542838063416,0.197484854955448,171,0.15,0.375,0.4,G:\fg-meet-workbench\cases\curvature_fg\10x10\Thermal_CFFF_U_Vf0.6_R0.4m-10x10-10layer.txt,completed_pilot_corrected_pyro,1.20557887884243,0.878229873964994,0.878195570683402
10,U,cylinder,0.4,2.5,magneto,200,A,0.210401217053186,98.8934579098252,0.0389358009504644,0.659777222783318,171,0.15,0.375,0.4,G:\fg-meet-workbench\cases\curvature_fg\10x10\Thermal_CFFF_U_Vf0.6_R0.4m-10x10-10layer.txt,completed_pilot_corrected_pyro,1.20557887886417,0.878229873971254,0.878195570689661
10,U,cylinder,0.3,3.33333333333333,elastic,-15000,Pa,-1.88203157190821,341.128813375772,0.134292594234972,2.27583751756783,171,0.15,0.5,0.3,G:\fg-meet-workbench\cases\curvature_fg\10x10\Thermal_CFFF_U_Vf0.6_R0.3m-10x10-10layer.txt,completed_pilot_corrected_pyro,0.88420628230576,1.02170032130229,1.02154776019238
10,U,cylinder,0.3,3.33333333333333,electro,300,V,-0.0629353992705329,29.1938872635083,0.0114935873610481,0.194768672523356,171,0.15,0.5,0.3,G:\fg-meet-workbench\cases\curvature_fg\10x10\Thermal_CFFF_U_Vf0.6_R0.3m-10x10-10layer.txt,completed_pilot_corrected_pyro,1.20477486411405,0.866155949975671,0.866086469100985
10,U,cylinder,0.3,3.33333333333333,magneto,200,A,0.210260898004945,97.5338684336825,0.0383989301385275,0.650702727918022,171,0.15,0.5,0.3,G:\fg-meet-workbench\cases\curvature_fg\10x10\Thermal_CFFF_U_Vf0.6_R0.3m-10x10-10layer.txt,completed_pilot_corrected_pyro,1.20477486411924,0.866155949977473,0.866086469102787
10,U,cylinder,0.2,5,elastic,-15000,Pa,-1.68109011084821,322.629992080209,0.126987827485634,2.15236828042013,171,0.15,0.75,0.2,G:\fg-meet-workbench\cases\curvature_fg\10x10\Thermal_CFFF_U_Vf0.6_R0.2m-10x10-10layer.txt,completed_pilot_corrected_pyro,0.789801010419269,0.966295292702228,0.965981270066661
10,U,cylinder,0.2,5,electro,300,V,-0.0617398777978802,28.7198746850602,0.0113056033483225,0.191602932268047,171,0.15,0.75,0.2,G:\fg-meet-workbench\cases\curvature_fg\10x10\Thermal_CFFF_U_Vf0.6_R0.2m-10x10-10layer.txt,completed_pilot_corrected_pyro,1.18188894877141,0.852092430051781,0.851921143279329
10,U,cylinder,0.2,5,magneto,200,A,0.206266779887712,95.9502396401906,0.037770894282933,0.640126305162664,171,0.15,0.75,0.2,G:\fg-meet-workbench\cases\curvature_fg\10x10\Thermal_CFFF_U_Vf0.6_R0.2m-10x10-10layer.txt,completed_pilot_corrected_pyro,1.1818889487749,0.852092430052891,0.851921143280439
10,X,flat,Inf,0,elastic,-15000,Pa,-1.81109030918032,284.897706493746,0.0981231145000893,1.97171810599437,171,0.15,0.15,0,G:\fg-meet-workbench\cases\dynamic_10x10\Thermal_CFFF_X_Vf0.6-10x10-10layer.txt,completed_pilot_corrected_pyro,1,1,1
10,X,flat,Inf,0,electro,300,V,-0.0423772977802053,28.0581286275996,0.00966364735563298,0.194184505436064,171,0.15,0.15,0,G:\fg-meet-workbench\cases\dynamic_10x10\Thermal_CFFF_X_Vf0.6-10x10-10layer.txt,completed_pilot_corrected_pyro,1,1,1
10,X,flat,Inf,0,magneto,200,A,0.304892716217887,201.870329100403,0.0695272196476048,1.39710279822503,171,0.15,0.15,0,G:\fg-meet-workbench\cases\dynamic_10x10\Thermal_CFFF_X_Vf0.6-10x10-10layer.txt,completed_pilot_corrected_pyro,1,1,1
10,X,cylinder,1,1,elastic,-15000,Pa,-1.75941167852037,295.59809923536,0.101808074985723,2.0457705598953,171,0.15,0.15,1,G:\fg-meet-workbench\cases\curvature_fg\10x10\Thermal_CFFF_X_Vf0.6_R1m-10x10-10layer.txt,completed_pilot_corrected_pyro,0.971465459012183,1.03755871843724,1.03755445905287
10,X,cylinder,1,1,electro,300,V,-0.048866980710411,25.8832596092561,0.00891458424852038,0.17913265349015,171,0.15,0.15,1,G:\fg-meet-workbench\cases\curvature_fg\10x10\Thermal_CFFF_X_Vf0.6_R1m-10x10-10layer.txt,completed_pilot_corrected_pyro,1.15314055567831,0.922487025160893,0.922486502296054
10,X,cylinder,1,1,magneto,200,A,0.351584156198435,186.222759359454,0.0641379216668724,1.2888089648642,171,0.15,0.15,1,G:\fg-meet-workbench\cases\curvature_fg\10x10\Thermal_CFFF_X_Vf0.6_R1m-10x10-10layer.txt,completed_pilot_corrected_pyro,1.15314055566739,0.922487025157785,0.922486502292947
10,X,cylinder,0.4,2.5,elastic,-15000,Pa,-1.66719612921614,296.502298191662,0.102117707145964,2.05201656532077,171,0.15,0.375,0.4,G:\fg-meet-workbench\cases\curvature_fg\10x10\Thermal_CFFF_X_Vf0.6_R0.4m-10x10-10layer.txt,completed_pilot_corrected_pyro,0.920548313226135,1.04073248549711,1.04071000667097
10,X,cylinder,0.4,2.5,electro,300,V,-0.0517234691137546,24.3687156196846,0.00839286336284197,0.168650222938993,171,0.15,0.375,0.4,G:\fg-meet-workbench\cases\curvature_fg\10x10\Thermal_CFFF_X_Vf0.6_R0.4m-10x10-10layer.txt,completed_pilot_corrected_pyro,1.22054665642025,0.868508229580003,0.868498513446865
10,X,cylinder,0.4,2.5,magneto,200,A,0.372135785348303,175.32604213209,0.0603842869081647,1.21339083085295,171,0.15,0.375,0.4,G:\fg-meet-workbench\cases\curvature_fg\10x10\Thermal_CFFF_X_Vf0.6_R0.4m-10x10-10layer.txt,completed_pilot_corrected_pyro,1.22054665642574,0.868508229581821,0.868498513448682
10,X,cylinder,0.3,3.33333333333333,elastic,-15000,Pa,-1.60072897433972,291.746450020417,0.100478179367589,2.01909217850195,171,0.15,0.5,0.3,G:\fg-meet-workbench\cases\curvature_fg\10x10\Thermal_CFFF_X_Vf0.6_R0.3m-10x10-10layer.txt,completed_pilot_corrected_pyro,0.883848235632266,1.02403930733932,1.02400112225848
10,X,cylinder,0.3,3.33333333333333,electro,300,V,-0.0516614356319644,24.0239955020809,0.0082740479419447,0.166263903344809,171,0.15,0.5,0.3,G:\fg-meet-workbench\cases\curvature_fg\10x10\Thermal_CFFF_X_Vf0.6_R0.3m-10x10-10layer.txt,completed_pilot_corrected_pyro,1.2190828188223,0.856222302668092,0.856203422729588
10,X,cylinder,0.3,3.33333333333333,magneto,200,A,0.371689471924303,172.845878022399,0.0595294434350431,1.19622193379847,171,0.15,0.5,0.3,G:\fg-meet-workbench\cases\curvature_fg\10x10\Thermal_CFFF_X_Vf0.6_R0.3m-10x10-10layer.txt,completed_pilot_corrected_pyro,1.21908281881907,0.856222302666539,0.856203422728036
10,X,cylinder,0.2,5,elastic,-15000,Pa,-1.42992740954247,275.865633649388,0.095004570604665,1.90915791273343,171,0.15,0.75,0.2,G:\fg-meet-workbench\cases\curvature_fg\10x10\Thermal_CFFF_X_Vf0.6_R0.2m-10x10-10layer.txt,completed_pilot_corrected_pyro,0.78953953996344,0.968297137398835,0.968218050239106
10,X,cylinder,0.2,5,electro,300,V,-0.0506613246867679,23.623965369741,0.008136016663706,0.163493700205956,171,0.15,0.75,0.2,G:\fg-meet-workbench\cases\curvature_fg\10x10\Thermal_CFFF_X_Vf0.6_R0.2m-10x10-10layer.txt,completed_pilot_corrected_pyro,1.19548266030384,0.841965110477933,0.8419198636179
10,X,cylinder,0.2,5,magneto,200,A,0.364493955491442,169.967773943416,0.0585363472835048,1.17629110282104,171,0.15,0.75,0.2,G:\fg-meet-workbench\cases\curvature_fg\10x10\Thermal_CFFF_X_Vf0.6_R0.2m-10x10-10layer.txt,completed_pilot_corrected_pyro,1.1954826603039,0.841965110478817,0.841919863618786
